521848.txt,https://www.southbankmosaics.com,31,www.southbankmosaics.com,24,0,com,100,1,0.5229071,0.061933179,3,1,0,0,0,18,0.581,0,0,0,0,0,1,0.032,1,558,9381,1,à¸‚à¹ˆà¸²à¸§à¸ªà¸” à¸‚à¹ˆà¸²à¸§à¸§à¸±à¸™à¸™à¸µà¹‰ à¸‚à¹ˆà¸²à¸§à¸à¸µà¸¬à¸² à¸‚à¹ˆà¸²à¸§à¸šà¸±à¸™à¹€à¸—à¸´à¸‡ à¸­à¸±à¸žà¹€à¸”à¸—à¸ªà¸”à¹ƒà¸«à¸¡à¹ˆà¸—à¸¸à¸à¸§à¸±à¸™ &#8211; à¸‚à¹ˆà¸²à¸§à¸ªà¸” à¸‚à¹ˆà¸²à¸§à¸à¸µà¸¬à¸² à¸‚à¹ˆà¸²à¸§à¸šà¸±à¸™à¹€à¸—à¸´à¸‡ à¸‚à¹ˆà¸²à¸§à¸§à¸±à¸™à¸™à¸µà¹‰ à¸­à¸±à¸›à¹€à¸”à¸•à¸‚à¹ˆà¸²à¸§à¸ªà¸²à¸£à¸£à¸§à¸”à¹€à¸£à¹‡à¸§à¸—à¸±à¸™à¹ƒà¸ˆ à¸žà¸£à¹‰à¸­à¸¡à¸£à¸±à¸šà¸Šà¸¡à¸ªà¸²à¸£à¸°à¸™à¹ˆà¸²à¸£à¸¹à¹‰à¸•à¹ˆà¸²à¸‡à¹† à¹„à¸”à¹‰à¸Ÿà¸£à¸µà¸•à¸¥à¸­à¸” 24à¸Šà¸±à¹ˆà¸§à¹‚à¸¡à¸‡,0,0,0,1,1,0,0,0,0,1,0,0,1,1,0,1,0,0,1,34,20,28,119,0,124,1
31372.txt,https://www.uni-mainz.de,23,www.uni-mainz.de,16,0,de,100,0.666666667,0.0326503,0.050207214,2,1,0,0,0,9,0.391,0,0,0,0,0,2,0.087,1,618,9381,1,johannes gutenberg-universitÃ¤t mainz,55.55555556,55.55555556,1,1,0,0,0,0,0,0,0,1,1,0,0,0,0,0,1,50,9,8,39,0,217,1
597387.txt,https://www.voicefmradio.co.uk,29,www.voicefmradio.co.uk,22,0,uk,100,0.866666667,0.028555,0.06412872,2,2,0,0,0,15,0.517,0,0,0,0,0,2,0.069,1,467,682,1,voice fm southampton,46.66666667,46.66666667,0,1,1,0,0,1,0,0,0,0,1,1,0,0,0,0,1,10,2,7,42,2,5,1
554095.txt,https://www.sfnmjournal.com,26,www.sfnmjournal.com,19,0,com,100,1,0.5229071,0.057605756,3,1,0,0,0,13,0.5,0,0,0,0,0,1,0.038,1,6356,26824,1,home page: seminars in fetal and neonatal medicine ,0,0,0,1,1,0,0,0,1,12,0,1,1,1,0,0,1,1,1,3,27,15,22,1,31,1
151578.txt,https://www.rewildingargentina.org,33,www.rewildingargentina.org,26,0,org,100,1,0.0799628,0.059441389,3,1,0,0,0,20,0.606,0,0,0,0,0,1,0.03,1,6089,28404,1,fundaciÃ³n rewilding argentina,100,100,0,1,1,1,1,1,0,2,0,1,1,1,0,1,1,0,1,244,15,34,72,1,85,1
23107.txt,https://www.globalreporting.org,30,www.globalreporting.org,23,0,org,100,1,0.0799628,0.060614474,3,1,0,0,0,17,0.567,0,0,0,0,0,1,0.033,1,1210,737,1,gri - home,0,0,0,0,1,0,0,1,1,1,0,1,0,1,0,0,0,0,1,35,1,11,86,0,14,1
23034.txt,https://www.saffronart.com,25,www.saffronart.com,18,0,com,100,1,0.5229071,0.063549404,3,1,0,0,0,12,0.48,0,0,0,0,0,1,0.04,1,1024,984,1,0,0,0,1,0,1,1,1,0,2,4,0,1,0,1,0,0,0,0,1,32,4,14,44,2,17,1
696732.txt,https://www.nerdscandy.com,25,www.nerdscandy.com,18,0,com,100,1,0.5229071,0.0604856,3,1,0,0,0,12,0.48,0,0,0,0,0,1,0.04,1,514,399,1,nerds candy,100,100,1,0,1,0,0,1,0,1,0,1,1,0,0,0,0,0,1,24,2,22,36,0,15,1
739255.txt,https://www.hyderabadonline.in,29,www.hyderabadonline.in,22,0,in,100,1,0.0050842,0.056980442,2,1,0,0,0,16,0.552,0,0,0,0,0,1,0.034,1,2371,12913,1,"hyderabadonline - business listing in hyderabad, hyderabad news, the fort of golconda, travel guide",100,100,0,1,1,0,0,1,0,0,0,1,1,1,1,0,0,0,1,71,4,9,40,1,317,1
14486.txt,https://www.aap.org,18,www.aap.org,11,0,org,100,1,0.0799628,0.070497453,3,1,0,0,0,5,0.278,0,0,0,0,0,1,0.056,1,2730,481,1,home,0,0,1,1,1,0,0,1,0,2,0,1,0,0,0,0,0,0,1,10,1,12,173,6,65,1
167350.txt,https://www.religionenlibertad.com,33,www.religionenlibertad.com,26,0,com,100,1,0.5229071,0.063946492,3,1,0,0,0,20,0.606,0,0,0,0,0,1,0.03,1,2616,584,1,religiÃ³n en libertad | noticias de religiÃ³n,55.55555556,55.55555556,1,1,1,0,0,1,0,5,0,1,1,0,0,0,1,0,1,80,13,10,376,1,9,1
mw42508.txt,http://www.teramill.com,22,www.teramill.com,16,0,com,82.6446281,1,0.5229071,0.06741797,3,1,0,0,0,10,0.455,0,0,0,0,0,1,0.045,0,2,87,0,0,0,0,0,0,0,0,0,0,0,0,0,0,0,0,0,0,0,0,0,0,0,0,0,0,1,0
515489.txt,https://www.socialpolicy.org,27,www.socialpolicy.org,20,0,org,100,1,0.0799628,0.064491134,3,1,0,0,0,14,0.519,0,0,0,0,0,1,0.037,1,1043,1037,1,social policy: organizing for social and economic justice,50,50,1,0,0,0,0,1,12,1,0,0,1,1,1,1,0,0,1,16,9,13,92,1,18,1
858208.txt,https://www.aoh61.com,20,www.aoh61.com,13,0,com,100,1,0.5229071,0.055131169,3,1,0,0,0,5,0.25,2,0.1,0,0,0,1,0.05,1,5966,22382,1,0,0,0,1,0,1,0,0,0,0,5,0,1,0,0,0,0,0,0,0,16,4,7,4,0,14,1
712305.txt,https://www.bulgariaski.com,26,www.bulgariaski.com,19,0,com,100,1,0.5229071,0.055714659,3,1,0,0,0,13,0.5,0,0,0,0,0,1,0.038,1,2639,1574,1,bulgaria ski - bulgarian ski resorts and holiday bookings.,100,100,1,1,1,0,0,0,0,2,0,1,1,1,0,0,1,0,1,63,12,22,156,2,184,1
252332.txt,https://www.brightika.com,24,www.brightika.com,17,0,com,100,1,0.5229071,0.053754992,3,1,0,0,0,11,0.458,0,0,0,0,0,1,0.042,1,5509,550,1,0,0,0,1,0,1,0,0,0,0,0,0,0,1,0,0,0,0,0,1,12,14,19,2,1,14,1
862789.txt,https://www.motley.ie,20,www.motley.ie,13,0,ie,100,1,0.0015878,0.061203697,2,1,0,0,0,7,0.35,0,0,0,0,0,1,0.05,1,2839,8047,1,home | motley,100,100,0,1,1,0,0,0,0,0,0,1,1,0,0,0,0,0,1,56,10,16,235,0,254,1
561324.txt,https://www.funzine.hu,21,www.funzine.hu,14,0,hu,100,1,0.0022172,0.042916591,2,1,0,0,0,8,0.381,0,0,0,0,0,1,0.048,1,1576,1907,1,funzine,100,100,0,1,1,0,0,1,0,2,0,1,1,1,0,1,0,0,1,52,10,27,0,1,143,1
791831.txt,https://www.dixxon.com,21,www.dixxon.com,14,0,com,100,1,0.5229071,0.054492147,3,1,0,0,0,8,0.381,0,0,0,0,0,1,0.048,1,5004,13844,1,facebook,0,0,1,0,1,0,0,1,0,21,0,1,1,1,1,1,1,0,1,259,14,33,168,1,90,1
861208.txt,https://www.ooty.ind.in,22,www.ooty.ind.in,15,0,in,100,0.625,0.0050842,0.060958413,2,2,0,0,0,8,0.364,0,0,0,0,0,2,0.091,1,719,1842,1,best places to visit in ooty tamil nadu ootacamund,80,80,1,0,1,0,0,1,0,0,0,0,0,0,0,1,1,0,0,21,0,2,2,0,1,1
mw16985.txt,http://www.f0519141.xsph.ru,26,www.f0519141.xsph.ru,20,0,ru,55.28492647,0.923076923,0.0180132,0.015061052,2,2,0,0,0,6,0.231,7,0.269,0,0,0,2,0.077,0,9,44,1,400 bad request,0,0,0,0,0,0,0,0,0,0,0,0,0,0,0,0,0,0,0,0,0,0,0,0,0,0
mw131249.txt,http://www.shprakserf.gq,24,www.shprakserf.gq,17,0,gq,56.55114117,1,0.000053,0.042982074,2,1,0,0,0,12,0.5,0,0,0,0,0,1,0.042,0,20,211,1,shprakserf.gq,0,0,0,0,0,1,1,0,0,0,0,0,0,0,0,0,0,0,0,0,0,0,0,0,0,0
6569.txt,https://www.cryptocompare.com,28,www.cryptocompare.com,21,0,com,100,1,0.5229071,0.066744309,3,1,0,0,0,15,0.536,0,0,0,0,0,1,0.036,1,2412,17815,1,"cryptocurrency prices, portfolio, forum, rankings | cryptocompare.com",0,0,1,0,1,0,0,1,0,2,0,1,0,1,0,1,1,1,1,49,2,4,111,2,39,1
394270.txt,https://www.diariodealmeria.es,29,www.diariodealmeria.es,22,0,es,100,1,0.0064109,0.068406052,2,1,0,0,0,16,0.552,0,0,0,0,0,1,0.034,1,11406,467,1,diario de almeria - diario de almerÃ­a,100,100,0,1,1,1,0,1,0,2,0,1,0,0,0,0,0,0,1,217,4,10,609,12,93,1
518245.txt,https://www.town.minamichita.lg.jp,33,www.town.minamichita.lg.jp,26,0,jp,100,0.631578947,0.0230451,0.054905556,2,3,0,0,0,18,0.545,0,0,0,0,0,3,0.091,1,407,1497,1,å—çŸ¥å¤šç”ºå…¬å¼ã‚¦ã‚§ãƒ–ã‚µã‚¤ãƒˆ,0,0,1,0,0,0,0,1,0,0,0,0,1,1,0,1,0,0,1,37,10,21,2,0,7,1
683655.txt,https://www.bwresearch.com,25,www.bwresearch.com,18,0,com,100,1,0.5229071,0.062164929,3,1,0,0,0,12,0.48,0,0,0,0,0,1,0.04,1,317,191,1,bw research partnership,100,100,0,0,1,0,0,0,0,0,0,0,0,0,0,0,0,0,1,14,2,4,2,2,4,1
638225.txt,https://www.musicvideoproduction.guru,36,www.musicvideoproduction.guru,29,0,guru,100,1,0.0000954,0.056798719,4,1,0,0,0,23,0.639,0,0,0,0,0,1,0.028,1,795,3398,1,miami video production - music video company | regulus films,100,100,1,0,1,0,0,1,0,2,0,1,0,0,0,0,1,0,1,10,3,6,23,2,17,1
7972389.txt,https://service-mitld.firebaseapp.com/,37,service-mitld.firebaseapp.com,29,0,com,64.64526358,0.48,0.5229071,0.059401289,3,1,0,0,0,26,0.703,0,0,0,0,0,3,0.081,1,16,113,0,0,0,0,0,0,0,1,0,0,0,0,0,0,0,0,0,0,0,0,0,0,0,0,0,0,0,0
mw34096.txt,http://www.kuradox92.lima-city.de,32,www.kuradox92.lima-city.de,26,0,de,45.84980237,0.526315789,0.0326503,0.0452655,2,2,0,0,0,16,0.5,2,0.062,0,0,0,3,0.094,0,43,283,1,www.kuradox92.lima-city.de - zugriff / access: #403,5.263157895,5.263157895,0,0,1,0,0,0,0,0,0,0,0,0,0,0,0,0,0,1,0,0,1,0,1,0
8008520.txt,https://liuy-9a930.web.app/,26,liuy-9a930.web.app,18,0,app,54.51591943,0.571428571,0.001502,0.032795326,3,1,0,0,0,11,0.423,4,0.154,0,0,0,3,0.115,1,108,8125,1,site not found,0,0,0,0,1,0,0,0,0,0,0,0,0,0,0,0,0,0,0,0,0,0,0,0,3,0
86745.txt,https://www.landed.com,21,www.landed.com,14,0,com,100,1,0.5229071,0.063377153,3,1,0,0,0,8,0.381,0,0,0,0,0,1,0.048,1,1465,1501,1,landed | homebuying navigator for essential professionals,100,100,1,0,1,0,0,1,0,1,0,1,0,1,0,1,1,0,1,13,17,29,45,1,59,1
8029912.txt,https://ipfs.io/ipfs/qmrvvyr84esa2assw9vvwupqjgsdn4c3dwkusfdwzdz3kn?clientid=noc@protocol.ai,91,ipfs.io,7,0,io,9.669201014,1,0.0129268,0.041482802,2,0,0,0,0,69,0.758,7,0.077,1,1,0,5,0.077,1,105,1607,1,roundcube webmail :: welcome to roundcube webmail,0,2.53164557,1,0,1,1,0,0,0,0,0,0,1,0,1,0,0,0,0,0,5,6,0,0,2,0
8066660.txt,http://att-103731-107123.weeblysite.com/,40,att-103731-107123.weeblysite.com,32,0,com,36.61221591,0.607142857,0.5229071,0.035013849,3,1,0,0,0,16,0.4,12,0.3,0,0,0,5,0.125,0,13,119,1,redirecting to https://att-103731-107123.weeblysite.com,0,0,0,0,0,1,1,0,0,0,0,0,0,0,0,0,0,0,0,0,0,0,1,0,1,0
53440.txt,https://www.bikeseoul.com,24,www.bikeseoul.com,17,0,com,100,1,0.5229071,0.062644799,3,1,0,0,0,11,0.458,0,0,0,0,0,1,0.042,1,1331,343,1,ì„œìš¸ìžì „ê±° ë”°ë¦‰ì´ - ë¬´ì¸ëŒ€ì—¬ì‹œìŠ¤í…œ,0,0,0,0,0,1,0,0,3,0,0,1,0,1,1,0,0,0,1,15,29,17,49,0,13,1
8065475.txt,https://hidok4f8zl.firebaseapp.com/,35,hidok4f8zl.firebaseapp.com,26,0,com,63.90532544,0.590909091,0.5229071,0.047810565,3,1,0,0,0,22,0.629,2,0.057,0,0,0,3,0.086,1,108,8125,1,site not found,0,0,0,0,1,0,0,0,0,0,0,0,0,0,0,0,0,0,0,0,0,0,0,0,3,0
584755.txt,https://www.ibeani.co.uk,23,www.ibeani.co.uk,16,0,uk,100,0.777777778,0.028555,0.065006937,2,2,0,0,0,9,0.391,0,0,0,0,0,2,0.087,1,2625,3976,1,0,0,0,1,0,1,0,0,1,0,20,0,1,1,1,1,1,1,0,1,64,69,20,137,0,23,1
603823.txt,https://www.metroretrovintage.com,32,www.metroretrovintage.com,25,0,com,100,1,0.5229071,0.068597251,3,1,0,0,0,19,0.594,0,0,0,0,0,1,0.031,1,3188,2683,1,0,0,0,0,0,1,0,0,1,0,19,0,1,1,0,1,1,1,0,1,85,3,20,93,0,9,1
mw52024.txt,http://www.ooguy.com,19,www.ooguy.com,13,0,com,79.25925926,1,0.5229071,0.064809075,3,1,0,0,0,7,0.368,0,0,0,0,0,1,0.053,0,2,179,1,object moved,0,0,0,0,0,0,0,0,0,0,0,0,0,0,0,0,0,0,0,0,0,0,1,0,1,0
62523.txt,https://www.vysor.io,19,www.vysor.io,12,0,io,100,1,0.0129268,0.05131194,2,1,0,0,0,6,0.316,0,0,0,0,0,1,0.053,1,229,171,1,vysor,100,100,0,0,1,0,0,0,0,1,0,1,0,0,0,0,0,0,1,3,4,8,7,0,4,1
mw74078.txt,http://www.fairytalesinc.com,27,www.fairytalesinc.com,21,0,com,76.65441176,1,0.5229071,0.061914384,3,1,0,0,0,15,0.556,0,0,0,0,0,1,0.037,0,2,2826,1,fairytalesinc,100,100,0,0,1,0,0,0,0,0,0,0,0,0,0,0,0,0,0,0,0,1,1,0,1,0
mw65785.txt,http://www.iuhjn.pplink.club,27,www.iuhjn.pplink.club,21,0,club,47.36639754,0.583333333,0.0006227,0.039958523,4,2,0,0,0,14,0.519,0,0,0,0,0,2,0.074,0,8,41,1,iuhjnpplink,0,0,0,0,0,0,0,0,0,0,0,0,0,0,0,0,0,0,0,0,0,0,0,0,0,0
7932715.txt,https://mechinchem-5cb8a.web.app/,32,mechinchem-5cb8a.web.app,24,0,app,49.27777778,0.6,0.001502,0.050001333,3,1,0,0,0,19,0.594,2,0.062,0,0,0,3,0.094,1,2,3306,1,mechinchem-5cb8aweb,0,0,0,0,1,0,0,0,0,0,0,0,0,0,0,0,0,0,0,0,1,1,1,0,1,0
532746.txt,https://www.salutlive.com,24,www.salutlive.com,17,0,com,100,1,0.5229071,0.058978238,3,1,0,0,0,11,0.458,0,0,0,0,0,1,0.042,1,2262,739,1,salutlive,100,100,0,0,1,0,0,1,1,3,0,1,1,1,0,0,1,0,0,2,11,24,266,0,369,1
751473.txt,https://www.recettessimples.fr,29,www.recettessimples.fr,22,0,fr,100,1,0.0141483,0.061103084,2,1,0,0,0,16,0.552,0,0,0,0,0,1,0.034,1,3051,1021,1,recettessimples,100,100,0,0,0,0,0,1,0,0,0,1,1,1,1,0,0,0,1,56,1,18,71,0,283,1
8016956.txt,https://fb-restriction-case-97be5.web.app/,41,fb-restriction-case-97be5.web.app,33,0,app,34.32722951,0.482758621,0.001502,0.05160881,3,1,0,0,0,25,0.61,3,0.073,0,0,0,5,0.122,1,108,8125,1,fb-restriction-case-97be5web,0,0,0,0,1,0,0,0,0,0,0,0,0,0,0,0,0,0,0,0,0,0,0,0,3,0
8044158.txt,https://pontosapontamentolu.com/gclid/=/c/?gclid=ishecabh95cvbhb1eiwagy6m4vn7url3tlj5m_nu__lcyj4n06pqquydbh-56148buwwbmv7k1qejboci-isjw5_kiq,140,pontosapontamentolu.com,23,0,com,9.20379461,1,0.5229071,0.037272312,3,0,0,0,0,99,0.707,19,0.136,2,1,0,11,0.1,1,11,148,1,pontosapontamentolugclid=c?gclid=ishecabh95cvbhb1eiwagy6m4vn7url3tlj5m_nu__lcyj4n06pqquydbh-56148buwwbmv7k1qejboci-isjw5_kiq,0,100,0,0,0,0,0,0,0,0,0,0,0,0,0,0,0,0,0,0,0,0,0,0,0,0
386777.txt,https://www.ainewsletter.com,27,www.ainewsletter.com,20,0,com,100,1,0.5229071,0.06627117,3,1,0,0,0,14,0.519,0,0,0,0,0,1,0.037,1,325,569,1,ainewsletter,100,100,1,0,1,0,0,1,0,0,0,0,0,0,0,0,0,0,1,1,1,1,21,1,21,1
445249.txt,https://www.marrugeku.com.au,27,www.marrugeku.com.au,20,0,au,100,0.769230769,0.0100856,0.060261303,2,2,0,0,0,13,0.481,0,0,0,0,0,2,0.074,1,567,1820,1,mrrugekucom,0,0,1,1,1,0,0,0,0,2,0,1,1,1,0,0,1,0,1,9,10,20,83,0,84,1
527611.txt,https://www.sweatdrop.com,24,www.sweatdrop.com,17,0,com,100,1,0.5229071,0.062492995,3,1,0,0,0,11,0.458,0,0,0,0,0,1,0.042,1,301,263,1,sweatdrop,100,100,0,0,0,0,0,0,0,0,0,1,0,0,0,0,0,0,1,23,1,5,39,0,12,1
mw1796.txt,http://www.komaru.today,22,www.komaru.today,16,0,today,65.84022039,1,0.0001604,0.062467929,5,1,0,0,0,10,0.455,0,0,0,0,0,1,0.045,0,2,30,0,0,0,0,0,0,0,0,0,0,0,0,0,0,0,0,0,0,0,0,0,0,0,0,0,0,0,0
8030239.txt,https://dev-634536.pantheonsite.io/,34,dev-634536.pantheonsite.io,26,0,io,76.13412229,0.826086957,0.0129268,0.04598469,2,1,0,0,0,17,0.5,6,0.176,0,0,0,3,0.088,1,141,161,1,dev-634536pantheonsite,0,0,0,0,0,0,0,0,0,0,0,0,0,0,0,0,0,0,0,4,0,0,0,0,3,0
96527.txt,https://www.senacases.com,24,www.senacases.com,17,0,com,100,1,0.5229071,0.074052865,3,1,0,0,0,11,0.458,0,0,0,0,0,1,0.042,1,5194,2716,1,senacases,100,100,1,0,1,1,0,1,0,23,0,1,1,1,1,1,1,0,1,42,26,53,139,3,40,1
8050920.txt,https://sabadonoappmagazine.com/,32,sabadonoappmagazine.com,23,0,com,64.42974165,1,0.5229071,0.062301654,3,0,0,0,0,22,0.688,0,0,0,0,0,2,0.062,1,98,292,1,sabadonoappmagazine,100,100,0,0,0,0,0,0,0,0,0,0,0,0,0,0,0,0,0,0,0,0,0,0,0,0
626639.txt,https://www.vespatales.com,25,www.vespatales.com,18,0,com,100,1,0.5229071,0.063532013,3,1,0,0,0,12,0.48,0,0,0,0,0,1,0.04,1,3176,3960,1,vespatales,100,100,1,0,0,0,0,0,5,10,0,1,1,0,0,1,0,0,0,180,3,7,260,0,124,1
mw27703.txt,http://www.nextraload.com,24,www.nextraload.com,18,0,com,72.10884354,1,0.5229071,0.065133791,3,1,0,0,0,12,0.5,0,0,0,0,0,1,0.042,0,2,479,1,nextraload,100,100,0,0,0,1,1,0,0,0,0,0,0,0,0,0,0,0,0,0,0,0,0,0,0,0
145087.txt,https://www.klerk.ru,19,www.klerk.ru,12,0,ru,100,1,0.0180132,0.048096855,2,1,0,0,0,6,0.316,0,0,0,0,0,1,0.053,1,3394,7250,1,klek,0,0,1,0,1,0,0,1,0,0,0,1,0,0,0,0,1,0,0,15,4,8,142,1,91,1
28887.txt,https://www.karenmillen.com,26,www.karenmillen.com,19,0,com,100,1,0.5229071,0.064599296,3,1,0,0,0,13,0.5,0,0,0,0,0,1,0.038,1,3304,25182,1,karenmillen,100,100,0,1,1,1,0,1,0,0,1,1,1,1,1,1,1,1,1,3,8,50,403,2,417,1
8024229.txt,https://topaka.cloud/ob52gtplj/18snwp,36,topaka.cloud,12,0,cloud,32.01743956,1,0.0001819,0.042140183,5,0,0,0,0,21,0.583,4,0.111,0,0,0,3,0.083,1,90,394,1,topakaob52gtplj18snw,0,95.23809524,0,1,1,0,0,0,0,0,0,0,1,1,0,0,0,0,0,0,2,0,2,0,2,0
404766.txt,https://www.mlpack.org,21,www.mlpack.org,14,0,org,100,1,0.0799628,0.058046018,3,1,0,0,0,8,0.381,0,0,0,0,0,1,0.048,1,533,234,1,mlpack,100,100,0,0,0,0,0,0,0,0,0,0,0,0,0,0,1,0,1,1,1,3,1,0,10,1
8017962.txt,https://metafb-tvz6efk.web.app/,30,metafb-tvz6efk.web.app,22,0,app,51.95337114,0.444444444,0.001502,0.040628727,3,1,0,0,0,18,0.6,1,0.033,0,0,0,3,0.1,1,36,247,1,metafb-tvz6efkweb,0,0,0,0,0,1,0,0,0,0,0,0,0,0,0,0,0,0,0,0,0,2,0,0,1,0
mw63002.txt,http://www.hesselawchambers.com,30,www.hesselawchambers.com,24,0,com,62.82548476,1,0.5229071,0.060811307,3,1,0,0,0,18,0.6,0,0,0,0,0,1,0.033,0,2,39,0,0,0,0,0,0,0,0,0,0,0,0,0,0,0,0,0,0,0,0,0,0,0,0,0,0,0,0
641422.txt,https://www.schmitzfotografia.com.br,35,www.schmitzfotografia.com.br,28,0,br,100,0.857142857,0.0094423,0.057284654,2,2,0,0,0,21,0.6,0,0,0,0,0,2,0.057,1,812,1057,1,schmitzfotografiacom,0,0,0,0,1,0,0,1,0,0,0,1,0,0,0,0,0,0,1,9,6,5,22,2,11,1
157978.txt,https://www.lanereport.com,25,www.lanereport.com,18,0,com,100,1,0.5229071,0.070239275,3,1,0,0,0,12,0.48,0,0,0,0,0,1,0.04,1,1990,16389,1,lanereport,100,100,0,1,1,0,0,1,0,2,1,1,1,1,0,1,0,0,1,49,26,29,268,0,297,1
500325.txt,https://www.spg.pt,17,www.spg.pt,10,0,pt,100,1,0.0015361,0.033447415,2,1,0,0,0,4,0.235,0,0,0,0,0,1,0.059,1,1138,9530,1,sg,0,0,0,1,1,1,0,1,0,1,0,1,0,0,0,0,0,0,0,18,16,19,143,8,159,1
74410.txt,https://www.coraevans.com,24,www.coraevans.com,17,0,com,100,1,0.5229071,0.071746922,3,1,0,0,0,11,0.458,0,0,0,0,0,1,0.042,1,801,484,1,raevans,77.77777778,77.77777778,1,0,1,0,0,1,0,2,0,1,0,1,0,0,0,0,1,23,2,9,66,0,67,1
859553.txt,https://www.torahmates.org,25,www.torahmates.org,18,0,org,100,1,0.0799628,0.069403421,3,1,0,0,0,12,0.48,0,0,0,0,0,1,0.04,1,1103,556,1,tahmates,0,0,0,0,1,0,0,1,0,9,0,1,1,1,0,0,0,0,1,31,13,8,34,2,24,1
43990.txt,https://www.larepublica.co,25,www.larepublica.co,18,0,co,100,1,0.0059772,0.057415787,2,1,0,0,0,12,0.48,0,0,0,0,0,1,0.04,1,4328,2624,1,larepublia,0,0,1,0,1,0,0,1,0,9,0,1,0,0,0,0,0,0,1,216,5,10,406,0,444,1
597036.txt,https://www.pimpim.lt,20,www.pimpim.lt,13,0,lt,100,1,0.0005524,0.048970194,2,1,0,0,0,7,0.35,0,0,0,0,0,1,0.05,1,3659,659,1,pimpim,100,100,0,0,1,0,0,1,0,0,0,1,0,0,0,0,0,0,1,63,5,7,433,0,442,1
mw31j26066.txt,http://www.httpzen.fairhash.org,30,www.httpzen.fairhash.org,24,0,org,48.80952381,0.5625,0.0799628,0.051875492,3,2,0,0,0,17,0.567,0,0,0,0,0,2,0.067,0,9,42,1,httpzenfairhash,0,0,0,0,0,0,0,0,0,0,0,0,0,0,0,0,0,0,0,0,0,0,0,0,0,0
mw70083.txt,http://www.cjplogger.com,23,www.cjplogger.com,17,0,com,84.78444632,1,0.5229071,0.057462154,3,1,0,0,0,11,0.478,0,0,0,0,0,1,0.043,0,2,32,0,0,0,0,0,0,0,0,0,0,0,0,0,0,0,0,0,0,0,0,0,0,0,0,0,0,0,0
91992.txt,https://www.radware.com,22,www.radware.com,15,0,com,100,1,0.5229071,0.065891816,3,1,0,0,0,9,0.409,0,0,0,0,0,1,0.045,1,2193,9477,1,radware,100,100,1,0,1,0,0,1,0,2,0,1,1,1,0,1,0,0,1,39,1,9,347,2,43,1
mw79382.txt,http://www.erlegen.de,20,www.erlegen.de,14,0,de,78.18181818,1,0.0326503,0.061197443,2,1,0,0,0,8,0.4,0,0,0,0,0,1,0.05,0,11,74,1,erlegen,100,100,0,0,0,0,0,0,0,0,0,0,0,0,0,0,0,0,0,0,0,0,0,0,1,0
mw29588.txt,http://www.f0535398.xsph.ru,26,www.f0535398.xsph.ru,20,0,ru,61.67279412,0.923076923,0.0180132,0.014753016,2,2,0,0,0,6,0.231,7,0.269,0,0,0,2,0.077,0,9,44,1,f0535398xsph,0,0,0,0,0,0,0,0,0,0,0,0,0,0,0,0,0,0,0,0,0,0,0,0,0,0
8077169.txt,https://ggsexpole.web.app/,26,ggsexpole.web.app,17,0,app,52.18836565,0.769230769,0.001502,0.047984494,3,1,0,0,0,15,0.577,0,0,0,0,0,3,0.115,1,16,110,1,ggsexpoleweb,0,0,0,0,0,1,1,0,0,0,0,0,0,0,0,0,0,0,0,0,0,0,0,0,2,0
843259.txt,https://www.classfmonline.com,28,www.classfmonline.com,21,0,com,100,1,0.5229071,0.064890904,3,1,0,0,0,15,0.536,0,0,0,0,0,1,0.036,1,662,377,1,classfmonline,100,100,1,0,1,0,0,1,0,2,0,1,0,0,0,1,0,0,1,65,6,11,71,23,48,1
244562.txt,https://www.cornerstoneinsurance.ca,34,www.cornerstoneinsurance.ca,27,0,ca,100,1,0.0101825,0.069115313,2,1,0,0,0,21,0.618,0,0,0,0,0,1,0.029,1,3570,1902,1,ornerstoneinsurane,0,0,0,1,1,0,0,1,1,2,0,1,1,0,0,0,1,0,1,19,13,29,133,0,167,1
179201.txt,https://www.varzesh3.com,23,www.varzesh3.com,16,0,com,100,1,0.5229071,0.050478879,3,1,0,0,0,9,0.391,1,0.043,0,0,0,1,0.043,1,7483,7543,1,varzesh3,100,100,1,0,1,0,0,1,0,2,0,0,0,0,0,0,0,0,1,82,6,10,721,0,726,1
8080220.txt,https://s3.amazonaws.com/appforest_uf/f1678949673383x832048620362898600/index%20%284%29.html,92,s3.amazonaws.com,16,0,com,19.41043084,0.916666667,0.5229071,0.025063426,3,1,1,9,0.098,35,0.38,39,0.424,0,0,3,7,0.109,1,3,204,0,0,0,1.298701299,0,0,0,0,0,0,0,0,0,0,0,0,0,0,0,0,0,0,0,0,0,0,0,0
511153.txt,https://www.medicalplasticsnews.com,34,www.medicalplasticsnews.com,27,0,com,100,1,0.5229071,0.061070397,3,1,0,0,0,21,0.618,0,0,0,0,0,1,0.029,1,1193,2503,1,medicalplasticsnews,100,100,1,0,1,0,0,1,0,3,0,1,1,0,0,0,0,0,1,25,2,20,81,6,94,1
167651.txt,https://www.gitguardian.com,26,www.gitguardian.com,19,0,com,100,1,0.5229071,0.058311271,3,1,0,0,0,13,0.5,0,0,0,0,0,1,0.038,1,3600,17379,1,gitguardian,100,100,0,0,0,0,0,0,0,0,0,1,1,1,1,1,1,1,1,12,1,16,12,0,17,1
7829706.txt,https://ormvoixregl1.firebaseapp.com/,36,ormvoixregl1.firebaseapp.com,28,0,com,63.42364532,0.541666667,0.5229071,0.056885502,3,1,0,0,0,25,0.694,1,0.028,0,0,0,2,0.056,1,191,2456,0,0,0,0,0,0,1,0,0,0,0,0,0,0,0,0,0,0,0,0,0,0,0,0,0,1,1,0
403727.txt,https://www.crowncenter.com,26,www.crowncenter.com,19,0,com,100,1,0.5229071,0.069816862,3,1,0,0,0,13,0.5,0,0,0,0,0,1,0.038,1,621,868,1,crowncenter,100,100,1,0,1,0,0,1,0,2,0,1,1,0,0,0,0,0,1,18,27,16,79,0,12,1
8000782.txt,http://nmve.xyz/,15,nmve.xyz,8,0,xyz,72.91666667,1,0.0017496,0.034559565,3,0,0,0,0,7,0.467,0,0,0,0,0,1,0.067,0,44,73,1,nmve,100,100,0,0,0,0,0,0,0,0,0,0,0,0,0,0,0,0,0,0,0,0,1,0,0,0
mw65296.txt,http://www.maytheday.oss-ap-southeast-2.aliyuncs.com,51,www.maytheday.oss-ap-southeast-2.aliyuncs.com,45,0,com,72.68915895,0.297297297,0.5229071,0.05639785,3,3,0,0,0,33,0.647,1,0.02,0,0,0,6,0.118,0,10,64,0,0,0,0,0,0,0,0,0,0,0,0,0,0,0,0,0,0,0,0,0,0,0,0,0,0,0,0
763204.txt,https://www.dancetheyard.org,27,www.dancetheyard.org,20,0,org,100,1,0.0799628,0.060847774,3,1,0,0,0,14,0.519,0,0,0,0,0,1,0.037,1,2649,15774,1,dancetheyard,100,100,1,0,1,0,0,1,0,1,0,1,1,1,0,0,1,0,0,27,3,14,89,0,22,1
773507.txt,https://www.olly.com,19,www.olly.com,12,0,com,100,1,0.5229071,0.062819271,3,1,0,0,0,6,0.316,0,0,0,0,0,1,0.053,1,11523,3757,1,olly,100,100,1,0,1,0,0,1,0,22,0,1,1,1,1,1,1,0,1,181,7,49,145,3,19,1
38869.txt,https://www.naturalearthdata.com,31,www.naturalearthdata.com,24,0,com,100,1,0.5229071,0.063778944,3,1,0,0,0,18,0.581,0,0,0,0,0,1,0.032,1,534,1820,1,naturalearthdata,100,100,1,0,0,0,0,0,0,0,0,0,1,0,0,0,0,0,1,42,7,11,53,0,54,1
op190.txt,https://att-104164.weeblysite.com/,34,att-104164.weeblysite.com,25,0,com,66.69538462,0.80952381,0.5229071,0.044095497,3,1,0,0,0,16,0.471,6,0.176,0,0,0,4,0.118,1,68,80,1,att-104164weeblysite,0,0,0,0,0,0,0,0,0,0,0,0,0,0,0,0,0,0,0,0,0,0,0,0,1,0
160785.txt,https://www.frdc.com.au,22,www.frdc.com.au,15,0,au,100,0.625,0.0100856,0.062284949,2,2,0,0,0,8,0.364,0,0,0,0,0,2,0.091,1,4140,1020,1,frdccom,0,0,1,0,1,0,0,0,0,1,0,1,1,1,0,0,1,0,1,11,2,4,331,0,11,1
256994.txt,https://www.lukul.sk,19,www.lukul.sk,12,0,sk,100,1,0.0009815,0.03684609,2,1,0,0,0,6,0.316,0,0,0,0,0,1,0.053,1,592,3145,1,lukul,100,100,0,1,1,0,0,0,0,0,0,0,0,1,0,0,0,0,0,13,11,25,25,0,29,1
239501.txt,https://www.cityparkapp.pl,25,www.cityparkapp.pl,18,0,pl,100,1,0.0069695,0.045474226,2,1,0,0,0,12,0.48,0,0,0,0,0,1,0.04,1,420,273,1,cityarka,0,0,1,0,1,0,0,1,0,0,0,0,0,0,0,0,1,0,0,18,7,20,80,2,14,1
8053686.txt,http://tkmowpikuk.owl4fsrch.club/vnafvra97w/?q=3717065149&id=100,64,tkmowpikuk.owl4fsrch.club,25,0,club,14.33862939,0.6,0.0006227,0.028541331,4,1,0,0,0,33,0.516,16,0.25,2,1,0,5,0.125,0,2,72,0,0,0,2,0,0,0,0,0,0,0,0,0,0,0,0,0,0,0,0,0,0,0,0,0,0,0,0
8089721.txt,https://a04854e8-0cca-4b74-80e6-aacb14a4a5f7.id.repl.co,55,a04854e8-0cca-4b74-80e6-aacb14a4a5f7.id.repl.co,47,0,co,32.81965848,0.227272727,0.0059772,0.036352669,2,2,0,0,0,22,0.4,18,0.327,0,0,0,7,0.127,1,17,665,1,a04854e8-0cca-4b74-80e6-aacb14a4a5f7idrepl,0,0,0,0,1,1,0,0,0,0,0,0,0,0,0,0,0,0,0,0,1,3,0,0,0,0
825767.txt,https://www.scandlines.dk,24,www.scandlines.dk,17,0,dk,100,1,0.0022943,0.057883109,2,1,0,0,0,11,0.458,0,0,0,0,0,1,0.042,1,2305,6852,1,scanlines,0,0,1,1,1,1,0,1,0,2,0,0,1,0,0,0,0,0,0,60,1,7,74,0,20,1
137501.txt,https://www.hskonline.com,24,www.hskonline.com,17,0,com,100,1,0.5229071,0.062169499,3,1,0,0,0,11,0.458,0,0,0,0,0,1,0.042,1,556,521,1,hskonline,100,100,0,0,1,0,0,1,0,5,0,0,0,1,0,0,0,0,1,39,5,5,41,12,13,1
172246.txt,https://www.nutritioncare.org,28,www.nutritioncare.org,21,0,org,100,1,0.0799628,0.067909274,3,1,0,0,0,15,0.536,0,0,0,0,0,1,0.036,1,740,5927,1,nutritioncare,100,100,0,0,1,0,0,0,0,4,0,1,1,1,0,0,0,0,1,16,3,25,101,1,68,1
890792.txt,https://www.tileandstonejournal.com,34,www.tileandstonejournal.com,27,0,com,100,1,0.5229071,0.063779783,3,1,0,0,0,21,0.618,0,0,0,0,0,1,0.029,1,8418,9458,1,tileandstonejournal,100,100,1,1,1,0,0,1,0,2,0,1,1,1,0,1,0,0,1,48,9,14,208,18,212,1
480933.txt,https://www.c.line-design.fr,27,www.c.line-design.fr,20,0,fr,100,0.538461538,0.0141483,0.055437841,2,2,0,0,0,12,0.444,0,0,0,0,0,3,0.111,1,456,2808,1,cline-design,0,0,1,1,1,0,0,1,0,0,1,1,1,0,0,0,0,0,1,63,3,17,5,2,32,1
507550.txt,https://www.capeblancoheritagesociety.com,40,www.capeblancoheritagesociety.com,33,0,com,100,1,0.5229071,0.065534568,3,1,0,0,0,27,0.675,0,0,0,0,0,1,0.025,1,329,630,1,capeblanheritagesociety,0,0,0,0,1,0,0,0,0,3,0,1,0,0,0,0,0,0,1,15,2,10,0,2,9,1
608275.txt,https://www.caterinaperez.com,28,www.caterinaperez.com,21,0,com,100,1,0.5229071,0.067312522,3,1,0,0,0,15,0.536,0,0,0,0,0,1,0.036,1,587,230,1,caterinaperez,100,100,0,0,1,0,0,1,0,0,0,0,1,0,1,0,0,0,1,3,1,5,186,3,5,1
7536227.txt,https://auth-document-shared.datingg-voice.workers.dev/,54,auth-document-shared.datingg-voice.workers.dev,46,0,dev,29.03511242,0.214285714,0.0009613,0.056210107,3,2,0,0,0,40,0.741,0,0,0,0,0,6,0.111,1,2,63,0,0,0,0,0,0,0,0,0,0,0,0,0,0,0,0,0,0,0,0,0,0,0,0,0,0,0,0
8002708.txt,https://mail-service-100960.weeblysite.com/,42,mail-service-100960.weeblysite.com,34,0,com,42.27385072,0.566666667,0.5229071,0.04904495,3,1,0,0,0,24,0.571,6,0.143,0,0,0,4,0.095,1,68,80,1,mail-service-100960weeblysite,0,0,0,0,0,0,0,0,0,0,0,0,0,0,0,0,0,0,0,0,0,0,0,0,1,0
45315.txt,https://www.aqr.com,18,www.aqr.com,11,0,com,100,1,0.5229071,0.064067302,3,1,0,0,0,5,0.278,0,0,0,0,0,1,0.056,1,924,10597,1,aqr,100,100,1,0,1,0,0,1,0,0,0,1,0,1,0,0,0,0,1,8,1,8,74,0,6,1
mw29689.txt,http://www.a0646498.xsph.ru,26,www.a0646498.xsph.ru,20,0,ru,62.04044118,0.923076923,0.0180132,0.019862182,2,2,0,0,0,6,0.231,7,0.269,0,0,0,2,0.077,0,9,44,1,a0646498xsph,0,0,0,0,0,0,0,0,0,0,0,0,0,0,0,0,0,0,0,0,0,0,0,0,0,0
8017971.txt,https://helpadcase1002405739503874569.web.app/,45,helpadcase1002405739503874569.web.app,37,0,app,26.69639768,0.909090909,0.001502,0.024818844,3,1,0,0,0,16,0.356,19,0.422,0,0,0,2,0.044,1,108,8125,1,helpadcase1002405739503874569web,0,0,0,0,1,0,0,0,0,0,0,0,0,0,0,0,0,0,0,0,0,0,0,0,3,0
58788.txt,https://www.poundingtherock.com,30,www.poundingtherock.com,23,0,com,100,1,0.5229071,0.058409715,3,1,0,0,0,17,0.567,0,0,0,0,0,1,0.033,1,5790,29722,1,poundingtherock,100,100,1,0,1,0,0,1,0,2,0,1,1,0,0,1,0,1,1,100,4,16,185,0,275,1
809646.txt,https://www.kellerberrin.wa.gov.au,33,www.kellerberrin.wa.gov.au,26,0,au,100,0.684210526,0.0100856,0.056433177,2,3,0,0,0,18,0.545,0,0,0,0,0,3,0.091,1,1646,26895,1,kellerberrinwgov,0,0,1,1,1,0,0,1,0,5,1,1,1,1,0,0,1,1,0,15,18,29,203,34,209,1
406296.txt,https://www.stadtgarten.de,25,www.stadtgarten.de,18,0,de,100,1,0.0326503,0.056799213,2,1,0,0,0,12,0.48,0,0,0,0,0,1,0.04,1,1038,1598,1,statgarten,0,0,1,1,1,0,0,1,0,0,0,1,1,0,0,0,0,0,1,64,1,2,100,0,83,1
8064029.txt,https://noxioussweetconnections.carisss.repl.co/,48,noxioussweetconnections.carisss.repl.co,39,0,co,38.76397107,0.666666667,0.0059772,0.065147399,2,2,0,0,0,36,0.75,0,0,0,0,0,4,0.083,1,198,869,1,noxioussweetnnectionscarisssrepl,0,0,0,0,0,0,0,0,0,0,0,0,0,0,0,0,0,0,0,0,0,0,0,0,2,0
mw54973.txt,http://www.jerode.ga,19,www.jerode.ga,13,0,ga,70.12345679,1,0.0002256,0.058236006,2,1,0,0,0,7,0.368,0,0,0,0,0,1,0.053,0,20,207,1,jerode,100,100,0,0,0,1,1,0,0,0,0,0,0,0,0,0,0,0,0,0,0,0,0,0,0,0
88270.txt,https://www.ytv.co.jp,20,www.ytv.co.jp,13,0,jp,100,0.666666667,0.0230451,0.043406417,2,2,0,0,0,6,0.3,0,0,0,0,0,2,0.1,1,271,102,1,ytvco,0,0,1,0,0,0,0,0,0,1,0,0,0,0,0,0,0,0,0,3,4,14,6,0,1,1
118549.txt,https://www.today.uci.edu,24,www.today.uci.edu,17,0,edu,100,0.666666667,0.0115013,0.057033392,3,2,0,0,0,10,0.417,0,0,0,0,0,2,0.083,1,498,688,1,todayuci,0,0,0,0,0,0,0,0,0,0,0,1,1,1,0,0,0,0,1,11,4,6,6,0,29,1
519820.txt,https://www.spket.com,20,www.spket.com,13,0,com,100,1,0.5229071,0.059480699,3,1,0,0,0,7,0.35,0,0,0,0,0,1,0.05,1,157,255,1,spket,100,100,0,0,0,0,0,1,0,0,0,0,0,0,0,0,0,0,1,1,2,7,8,0,3,1
706281.txt,https://www.americanauctioneers.com,34,www.americanauctioneers.com,27,0,com,100,1,0.5229071,0.071742472,3,1,0,0,0,21,0.618,0,0,0,0,0,1,0.029,1,3863,284,1,americanauctioneers,100,100,1,0,1,1,1,1,2,0,0,1,1,1,0,0,1,0,1,145,26,19,1,27,51,1
8070406.txt,https://yrislfnb.qpoe.com/,26,yrislfnb.qpoe.com,17,0,com,49.57764782,0.692307692,0.5229071,0.052526197,3,1,0,0,0,15,0.577,0,0,0,0,0,3,0.115,1,35,126,1,yrislfnbqpoe,0,0,0,1,1,1,0,0,0,0,0,0,0,0,0,0,0,0,0,0,0,1,0,0,0,0
386807.txt,https://www.heramission.space,28,www.heramission.space,21,0,space,100,1,0.0003175,0.063425606,5,1,0,0,0,15,0.536,0,0,0,0,0,1,0.036,1,3088,14707,1,heramission,100,100,1,0,1,0,0,1,0,3,0,1,1,1,0,0,1,0,1,22,3,13,89,0,23,1
57166.txt,https://www.circlek.org,22,www.circlek.org,15,0,org,100,1,0.0799628,0.064879171,3,1,0,0,0,9,0.409,0,0,0,0,0,1,0.045,1,961,8047,1,circlek,100,100,1,1,1,0,0,0,0,2,0,1,1,0,0,0,0,0,1,18,6,15,76,0,103,1
571426.txt,https://www.gunsmokenet.com,26,www.gunsmokenet.com,19,0,com,100,1,0.5229071,0.063101078,3,1,0,0,0,13,0.5,0,0,0,0,0,1,0.038,1,233,962,1,gunsmokenet,100,100,0,0,0,0,0,1,0,0,0,0,0,0,0,0,0,0,0,10,1,0,5,5,8,1
458533.txt,https://www.bocajnarima.com,26,www.bocajnarima.com,19,0,com,100,1,0.5229071,0.066779325,3,1,0,0,0,13,0.5,0,0,0,0,0,1,0.038,1,4396,3968,1,bocajnarima,100,100,0,0,1,0,0,1,0,19,0,1,1,1,1,1,1,0,1,221,1,17,140,1,73,1
635242.txt,https://www.raw-health-coach.com,31,www.raw-health-coach.com,24,0,com,100,0.4375,0.5229071,0.062485378,3,1,0,0,0,16,0.516,0,0,0,0,0,3,0.097,1,895,8047,1,raw-health-ach,0,0,0,1,1,0,0,1,0,0,0,1,0,1,0,0,0,0,1,16,18,48,54,1,53,1
8080449.txt,https://soah-b6mz-v.firebaseapp.com/,36,soah-b6mz-v.firebaseapp.com,27,0,com,65.8436214,0.565217391,0.5229071,0.052693704,3,1,0,0,0,22,0.611,1,0.028,0,0,0,5,0.139,1,2,2278,1,soah-b6mz-vfirebaseapp,0,0,0,0,1,0,0,0,0,0,0,0,0,1,0,0,0,0,0,0,1,1,1,0,0,0
8085660.txt,https://www.dlrect-smtb.jp.ap1.ib.commetryx.com/ibg/client/index_sp.php,71,www.dlrect-smtb.jp.ap1.ib.commetryx.com,39,0,com,22.37288136,0.35483871,0.5229071,0.04952595,3,5,0,0,0,47,0.662,1,0.014,0,0,0,11,0.155,1,2,79,0,0,0,0,0,0,0,0,0,0,0,0,0,0,0,0,0,0,0,0,0,0,0,0,0,0,0,0
889919.txt,https://www.estamos.de,21,www.estamos.de,14,0,de,100,1,0.0326503,0.066450657,2,1,0,0,0,8,0.381,0,0,0,0,0,1,0.048,1,234,254,1,estamos,100,100,0,0,0,0,0,0,0,0,0,0,1,1,0,0,0,0,1,4,4,2,2,0,4,1
mw66523.txt,http://www.b7a3a060b75c7dcba9c1078d4ead51f0dc.ws,47,www.b7a3a060b75c7dcba9c1078d4ead51f0dc.ws,41,0,ws,18.84971743,0.235294118,0.0003477,0.026887608,2,1,0,0,0,18,0.383,17,0.362,0,0,0,1,0.021,0,13,244,1,b7a3a060b75c7dcba9c1078d4ead51f0dc,100,100,0,0,1,0,0,0,0,0,0,0,0,0,0,0,0,0,0,0,0,0,0,0,1,0
545167.txt,https://www.airlinesupports.com,30,www.airlinesupports.com,23,0,com,100,1,0.5229071,0.061643425,3,1,0,0,0,17,0.567,0,0,0,0,0,1,0.033,1,540,2245,1,airlinesupports,100,100,1,0,1,0,0,1,0,0,0,1,0,1,0,0,0,0,1,8,1,3,28,0,8,1
8003080.txt,http://198.98.58.123/,20,198.98.58.123,13,1,123,44.48979592,0.444444444,0,0.001223339,3,2,0,0,0,0,0,10,0.5,0,0,0,3,0.15,0,2,546,0,0,0,0,1,0,1,0,0,0,0,0,0,0,0,0,0,0,0,0,0,0,1,1,0,0,0,0
8002038.txt,https://ipfs.io/ipfs/bafybeidmmks6ka5vki6djnohox7mminfrzcjkw2mowpft7xtu2sjyxzi64/ufx!xch@,88,ipfs.io,7,0,io,10.03862439,1,0.0129268,0.03505375,2,0,0,0,0,66,0.75,9,0.102,0,0,0,5,0.057,1,7,27983,0,0,0,0,0,0,0,0,0,0,0,0,0,0,0,0,0,0,0,0,0,0,0,0,0,0,0,0
802710.txt,https://www.ackerstadtpalast.de,30,www.ackerstadtpalast.de,23,0,de,100,1,0.0326503,0.057121325,2,1,0,0,0,17,0.567,0,0,0,0,0,1,0.033,1,183,240,1,ackerstatpalast,0,0,0,0,1,0,0,1,0,0,0,0,1,0,0,0,0,0,1,3,1,5,13,0,7,1
178925.txt,https://www.mro.nmt.edu,22,www.mro.nmt.edu,15,0,edu,100,0.571428571,0.0115013,0.065031175,3,2,0,0,0,8,0.364,0,0,0,0,0,2,0.091,1,852,2672,1,mronmt,0,0,0,0,1,0,0,1,0,5,0,1,1,0,0,0,0,0,1,30,14,14,106,0,112,1
mw33.txt,http://www.aresync.com,21,www.aresync.com,15,0,com,82.09366391,1,0.5229071,0.06755089,3,1,0,0,0,9,0.429,0,0,0,0,0,1,0.048,0,2,27,0,0,0,0,0,0,0,0,0,0,0,0,0,0,0,0,0,0,0,0,0,0,0,0,0,0,0,0
583878.txt,https://www.shopfiire.com,24,www.shopfiire.com,17,0,com,100,1,0.5229071,0.061359744,3,1,0,0,0,11,0.458,0,0,0,0,0,1,0.042,1,1868,3979,1,shopfiire,100,100,1,0,1,0,0,1,0,19,0,1,1,1,0,1,1,0,1,46,11,32,47,0,32,1
44799.txt,https://www.doc88.com,20,www.doc88.com,13,0,com,100,1,0.5229071,0.054583442,3,1,0,0,0,5,0.25,2,0.1,0,0,0,1,0.05,1,612,566,1,doc88,100,100,1,0,0,1,0,1,0,0,1,0,1,1,1,0,0,0,1,9,8,11,70,1,12,1
mw65236.txt,http://www.jab.oss-ap-southeast-1.aliyuncs.com,45,www.jab.oss-ap-southeast-1.aliyuncs.com,39,0,com,55.44711378,0.35483871,0.5229071,0.056327796,3,3,0,0,0,27,0.6,1,0.022,0,0,0,6,0.133,0,10,58,0,0,0,0,0,0,0,0,0,0,0,0,0,0,0,0,0,0,0,0,0,0,0,0,0,0,0,0
100016.txt,https://www.hee.nhs.uk,21,www.hee.nhs.uk,14,0,uk,100,0.571428571,0.028555,0.053115594,2,2,0,0,0,7,0.333,0,0,0,0,0,2,0.095,1,545,7545,1,heenhs,0,0,1,0,1,0,0,1,0,3,0,1,1,1,0,0,0,0,0,8,8,21,40,0,22,1
123366.txt,https://www.secondgeargames.com,30,www.secondgeargames.com,23,0,com,100,1,0.5229071,0.068315649,3,1,0,0,0,17,0.567,0,0,0,0,0,1,0.033,1,620,231,1,sendgeargames,0,0,1,0,1,0,0,0,0,0,0,1,0,0,0,0,0,0,1,45,6,5,66,8,15,1
431331.txt,https://www.usbirthcertificates.com,34,www.usbirthcertificates.com,27,0,com,100,1,0.5229071,0.060245422,3,1,0,0,0,21,0.618,0,0,0,0,0,1,0.029,1,648,588,1,usbirthcertificates,100,100,1,1,1,0,0,1,0,2,0,0,0,0,0,0,0,0,1,5,1,5,79,1,5,1
447787.txt,https://www.dslweb.de,20,www.dslweb.de,13,0,de,100,1,0.0326503,0.040287863,2,1,0,0,0,7,0.35,0,0,0,0,0,1,0.05,1,3235,2825,1,slweb,83.33333333,83.33333333,1,1,1,0,0,1,0,2,0,1,0,0,0,0,0,0,1,42,1,5,265,0,101,1
mw77354.txt,http://www.constructiongst.com,29,www.constructiongst.com,23,0,com,81.14285714,1,0.5229071,0.064862982,3,1,0,0,0,17,0.586,0,0,0,0,0,1,0.034,0,2,484,1,nstructiongst,86.66666667,86.66666667,0,0,0,1,1,0,0,0,0,0,0,0,0,0,0,0,0,0,0,0,0,0,0,0
mw56563.txt,http://www.westleyr.cf,21,www.westleyr.cf,15,0,cf,69.23076923,1,0.0001858,0.054668153,2,1,0,0,0,9,0.429,0,0,0,0,0,1,0.048,0,20,209,1,westleyr,100,100,0,0,0,1,1,0,0,0,0,0,0,0,0,0,0,0,0,0,0,0,0,0,0,0
222002.txt,https://www.021.rs,17,www.021.rs,10,0,rs,100,1,0.0004547,0.017022556,2,1,0,0,0,1,0.059,3,0.176,0,0,0,1,0.059,1,3278,815,1,21,66.66666667,66.66666667,1,0,1,1,0,1,0,2,0,1,1,0,0,0,0,0,1,82,2,18,300,1,303,1
392844.txt,https://www.brainy.games,23,www.brainy.games,16,0,games,100,1,0.0001048,0.056187587,5,1,0,0,0,10,0.435,0,0,0,0,0,1,0.043,1,763,479,1,brainy,100,100,1,0,1,0,0,0,0,1,0,1,0,0,0,0,0,0,1,42,3,11,10,4,121,1
547812.txt,https://www.irgendwie-nerdig.de,30,www.irgendwie-nerdig.de,23,0,de,100,0.625,0.0326503,0.053477176,2,1,0,0,0,16,0.533,0,0,0,0,0,2,0.067,1,2045,4742,1,irgenwie-nerig,0,0,0,1,1,0,0,1,0,0,0,1,1,0,0,0,0,0,1,37,9,13,160,3,162,1
838768.txt,https://www.peachstatearchaeologicalsociety.org,46,www.peachstatearchaeologicalsociety.org,39,0,org,100,1,0.0799628,0.066483893,3,1,0,0,0,33,0.717,0,0,0,0,0,1,0.022,1,496,1015,1,peachstatearchaeologicalsociety,100,100,0,0,1,0,0,1,0,0,0,1,0,0,0,0,0,0,1,3,1,8,11,0,5,1
404831.txt,https://www.jazzmasters.nl,25,www.jazzmasters.nl,18,0,nl,100,1,0.0082003,0.051314723,2,1,0,0,0,12,0.48,0,0,0,0,0,1,0.04,1,974,1496,1,jazzmasters,100,100,1,1,1,0,0,1,0,1,0,1,0,0,0,1,1,0,1,133,0,2,10,0,183,1
8065409.txt,https://syk1pe9wox.firebaseapp.com/,35,syk1pe9wox.firebaseapp.com,26,0,com,68.31032216,0.590909091,0.5229071,0.048629496,3,1,0,0,0,22,0.629,2,0.057,0,0,0,3,0.086,1,108,8125,1,syk1pe9woxfirebaseapp,0,0,0,0,1,0,0,0,0,0,0,0,0,0,0,0,0,0,0,0,0,0,0,0,3,0
160122.txt,https://www.londondesignbiennale.com,35,www.londondesignbiennale.com,28,0,com,100,1,0.5229071,0.063511868,3,1,0,0,0,22,0.629,0,0,0,0,0,1,0.029,1,2136,3278,1,londondesignbiennale,100,100,0,0,1,0,0,0,0,2,0,1,1,1,0,0,0,0,1,11,5,22,95,0,42,1
790719.txt,https://www.honneur-au-scoutisme.com,35,www.honneur-au-scoutisme.com,28,0,com,100,0.5,0.5229071,0.065068594,3,1,0,0,0,20,0.571,0,0,0,0,0,3,0.086,1,4799,2065,1,honneur-au-sutisme,0,0,1,1,0,1,0,1,0,12,0,0,1,1,1,0,0,0,0,15,8,9,645,59,21,1
8062699.txt,http://glaze-maple-pantry.glitch.me/link.html,45,glaze-maple-pantry.glitch.me,28,0,me,37.09070246,0.28,0.0036375,0.051346268,2,1,0,0,0,32,0.711,0,0,0,0,0,6,0.133,0,82,155,1,glaze-maple-pantryglitchlinkhtml,0,0,0,0,1,0,0,0,0,0,0,0,0,0,0,0,0,0,0,1,1,0,1,0,2,0
148261.txt,https://www.leonardodavinci.net,30,www.leonardodavinci.net,23,0,net,100,1,0.0384199,0.064422792,3,1,0,0,0,17,0.567,0,0,0,0,0,1,0.033,1,435,291,1,leonardodavinci,100,100,1,0,1,0,0,0,0,1,0,1,0,0,0,0,0,0,1,14,2,76,74,1,8,1
8077349.txt,https://host-authoritsaativeax.mefound.com/,43,host-authoritsaativeax.mefound.com,34,0,com,38.33910035,0.6,0.5229071,0.059985542,3,1,0,0,0,31,0.721,0,0,0,0,0,4,0.093,1,13,73,1,host-authoritsaativeaxmefound,0,0,0,0,0,1,0,0,0,0,0,0,0,0,0,0,0,0,0,0,0,0,0,0,1,0
41412.txt,https://www.art.yale.edu,23,www.art.yale.edu,16,0,edu,100,0.625,0.0115013,0.060653031,3,2,0,0,0,9,0.391,0,0,0,0,0,2,0.087,1,917,491,1,artyale,0,0,1,0,1,0,0,1,0,0,0,1,0,0,0,0,0,0,1,1,1,2,42,0,26,1
mw76791.txt,http://www.securitycamera-at-2022.life,37,www.securitycamera-at-2022.life,31,0,life,63.11637081,0.863636364,0.0002548,0.050371716,4,1,0,0,0,19,0.514,4,0.108,0,0,0,3,0.081,0,2,46,0,0,4.545454545,4.545454545,0,0,0,0,0,0,0,0,0,0,0,0,0,0,0,0,0,0,0,0,0,0,0,0
498252.txt,https://www.isuog.org,20,www.isuog.org,13,0,org,100,1,0.0799628,0.063697057,3,1,0,0,0,7,0.35,0,0,0,0,0,1,0.05,1,1374,915,1,isuog,100,100,1,1,1,0,0,1,0,2,0,1,1,1,0,0,0,0,1,18,11,14,101,1,92,1
119682.txt,https://www.hostmaster.ua,24,www.hostmaster.ua,17,0,ua,100,1,0.0023239,0.061301406,2,1,0,0,0,11,0.458,0,0,0,0,0,1,0.042,1,312,157,1,hostmaster,100,100,1,0,1,0,0,1,0,0,0,0,1,1,0,0,0,0,1,13,4,2,37,0,9,1
628494.txt,https://www.bigconstrutora.com.br,32,www.bigconstrutora.com.br,25,0,br,100,0.833333333,0.0094423,0.061808105,2,2,0,0,0,18,0.562,0,0,0,0,0,2,0.062,1,890,186,1,igconstrutoracom,0,0,1,0,0,1,0,1,0,3,0,1,1,0,0,0,0,0,1,31,36,13,42,0,11,1
892196.txt,https://www.iain-ternate.ac.id,29,www.iain-ternate.ac.id,22,0,id,100,0.533333333,0.0014653,0.069546984,2,2,0,0,0,14,0.483,0,0,0,0,0,3,0.103,1,743,419,1,an-ternateac,0,0,0,1,1,0,0,1,0,0,0,1,0,0,0,0,0,0,1,18,6,11,0,1,54,1
mw66913.txt,http://www.l3a40b16a45b1120615b5d1cc655d7da4a.ws,47,www.l3a40b16a45b1120615b5d1cc655d7da4a.ws,41,0,ws,16.60066895,0.264705882,0.0003477,0.020334595,2,1,0,0,0,14,0.298,21,0.447,0,0,0,1,0.021,0,13,244,1,l3a40b16a45b1120615b5d1cc655d7da4a,100,100,0,0,1,0,0,0,0,0,0,0,0,0,0,0,0,0,0,0,0,0,0,0,1,0
427197.txt,https://www.colorii.com,22,www.colorii.com,15,0,com,100,1,0.5229071,0.076037047,3,1,0,0,0,9,0.409,0,0,0,0,0,1,0.045,1,1395,1807,1,lorii,71.42857143,71.42857143,1,1,1,1,0,1,0,3,0,1,1,1,0,0,1,0,1,25,11,25,79,3,89,1
mw15920.txt,http://www.pwuxmeudaj.cf,23,www.pwuxmeudaj.cf,17,0,cf,47.33727811,1,0.0001858,0.040425608,2,1,0,0,0,11,0.478,0,0,0,0,0,1,0.043,0,20,210,1,pwuxmeudaj,100,100,0,0,0,1,1,0,0,0,0,0,0,0,0,0,0,0,0,0,0,0,0,0,0,0
156188.txt,https://www.elcalifa.com.mx,26,www.elcalifa.com.mx,19,0,mx,100,0.75,0.0017218,0.065653355,2,2,0,0,0,12,0.462,0,0,0,0,0,2,0.077,1,7254,2088,1,elcalifaco,0,0,1,0,1,1,0,0,9,2,0,1,1,0,0,0,1,0,1,41,16,40,43,28,15,1
464697.txt,https://www.art-it.asia,22,www.art-it.asia,15,0,asia,100,0.666666667,0.0002355,0.064677774,4,1,0,0,0,8,0.364,0,0,0,0,0,2,0.091,1,1581,1931,1,art-it,100,100,0,0,1,0,0,1,0,1,0,1,1,0,0,0,0,0,1,63,15,22,212,0,216,1
8048476.txt,http://forcedie17.temp.swtest.ru/postounatou/postounatou/post/login/login.php,77,forcedie17.temp.swtest.ru,25,0,ru,14.57430296,0.5,0.0180132,0.056989683,2,2,0,0,0,59,0.766,2,0.026,0,0,0,9,0.117,0,183,727,1,forcedie17tempswtestpostounatoupostounatoupostloginloginphp,0,0,1,1,1,0,0,0,0,0,0,0,1,1,1,0,0,0,0,10,4,5,0,0,0,0
30718.txt,https://www.apptha.com,21,www.apptha.com,14,0,com,100,1,0.5229071,0.058382725,3,1,0,0,0,8,0.381,0,0,0,0,0,1,0.048,1,432,1553,1,apptha,100,100,1,1,0,0,0,1,0,4,0,1,1,0,0,0,1,0,1,3,2,6,50,2,62,1
603896.txt,https://www.zomoplus.store,25,www.zomoplus.store,18,0,store,100,1,0.0003212,0.058490239,5,1,0,0,0,12,0.48,0,0,0,0,0,1,0.04,1,1794,2679,1,zomoplus,100,100,0,0,1,0,0,1,0,19,0,1,1,1,1,1,1,0,1,21,36,18,80,0,39,1
521213.txt,https://www.drskinhealth.com,27,www.drskinhealth.com,20,0,com,100,1,0.5229071,0.055469139,3,1,0,0,0,14,0.519,0,0,0,0,0,1,0.037,1,2341,16460,1,drskinhealth,100,100,1,0,1,0,0,1,0,2,0,1,1,0,0,0,1,0,1,23,6,18,52,3,19,1
mw56125.txt,http://www.sebastians.cf,23,www.sebastians.cf,17,0,cf,87.34693878,1,0.0001858,0.062814806,2,1,0,0,0,11,0.478,0,0,0,0,0,1,0.043,0,20,211,1,sebastians,100,100,0,0,0,1,1,0,0,0,0,0,0,0,0,0,0,0,0,0,0,0,0,0,0,0
534254.txt,https://www.lovebeehive.com,26,www.lovebeehive.com,19,0,com,100,1,0.5229071,0.06233847,3,1,0,0,0,13,0.5,0,0,0,0,0,1,0.038,1,2654,3979,1,lovebeehive,100,100,1,0,1,0,0,1,0,19,0,1,1,1,1,1,1,0,1,91,4,18,83,5,18,1
8053155.txt,https://acesseonline-fevereiro.net/luiza/?userid=&uri=atzkkwfy5s23fyuju9p+tmvfudyjnultmi2mrlcv9tg=,98,acesseonline-fevereiro.net,26,0,net,13.5341202,0.590909091,0.0384199,0.045335591,3,0,0,0,0,74,0.755,6,0.061,3,1,0,6,0.102,1,2,106,0,0,0,0,0,0,0,0,0,0,0,0,0,0,0,0,0,0,0,0,0,0,0,0,0,0,0,0
160239.txt,https://www.cieletespace.fr,26,www.cieletespace.fr,19,0,fr,100,1,0.0141483,0.064760075,2,1,0,0,0,13,0.5,0,0,0,0,0,1,0.038,1,642,417,1,cieletespace,100,100,1,1,1,0,0,1,2,0,1,1,1,1,0,0,1,0,1,22,4,11,47,4,62,1
534277.txt,https://www.nataschavonhirschhausen.com,38,www.nataschavonhirschhausen.com,31,0,com,100,1,0.5229071,0.059879769,3,1,0,0,0,25,0.658,0,0,0,0,0,1,0.026,1,2722,9379,1,nataschavonhirschhausen,100,100,0,0,1,0,0,1,0,20,0,1,1,1,1,1,1,0,1,120,4,19,175,0,510,1
629945.txt,https://www.borizcustomsportsjerseys.com,39,www.borizcustomsportsjerseys.com,32,0,com,100,1,0.5229071,0.059137082,3,1,0,0,0,26,0.667,0,0,0,0,0,1,0.026,1,663,424,1,borizcustomsportsjerseys,100,100,0,1,1,1,0,1,1,0,0,1,1,0,1,0,1,0,1,6,13,20,65,0,43,1
768783.txt,https://www.virtualcohen.com,27,www.virtualcohen.com,20,0,com,100,1,0.5229071,0.062070551,3,1,0,0,0,14,0.519,0,0,0,0,0,1,0.037,1,393,2005,1,virtualhen,0,0,0,1,0,1,0,0,0,0,0,0,1,1,0,0,0,0,1,4,1,2,7,0,1,1
440099.txt,https://www.smujo.id,19,www.smujo.id,12,0,id,100,1,0.0014653,0.053423702,2,1,0,0,0,6,0.316,0,0,0,0,0,1,0.053,1,570,773,1,smujo,100,100,0,0,1,0,0,0,0,0,1,0,1,0,0,0,0,0,1,22,0,1,60,0,72,1
8020794.txt,http://otwtmbrotq.duckdns.org,28,otwtmbrotq.duckdns.org,22,0,org,41.10671937,0.611111111,0.0799628,0.051978489,3,1,0,0,0,19,0.679,0,0,0,0,0,2,0.071,0,2,37,0,0,0,0,0,0,0,0,0,0,0,0,0,0,0,0,0,0,0,0,0,0,0,0,0,0,0,0
579157.txt,https://www.ecseonline.com,25,www.ecseonline.com,18,0,com,100,1,0.5229071,0.074663503,3,1,0,0,0,12,0.48,0,0,0,0,0,1,0.04,1,1185,9614,1,ecseonline,100,100,0,1,1,0,0,0,0,0,0,1,1,1,1,1,1,0,0,38,22,31,132,1,108,1
774906.txt,https://www.kerstopkeukenhof.nl,30,www.kerstopkeukenhof.nl,23,0,nl,100,1,0.0082003,0.053215869,2,1,0,0,0,17,0.567,0,0,0,0,0,1,0.033,1,297,765,1,kerstopkeukehof,0,0,0,0,1,0,0,1,0,0,0,0,0,0,0,0,0,0,1,4,2,7,2,0,3,1
39890.txt,https://www.wp-amazon-plugin.com,31,www.wp-amazon-plugin.com,24,0,com,100,0.4375,0.5229071,0.053092883,3,1,0,0,0,16,0.516,0,0,0,0,0,3,0.097,1,1219,12649,1,wp-amazon-plugin,100,100,0,1,1,0,0,1,0,3,0,1,1,1,0,0,1,0,1,18,3,30,105,11,115,1
228863.txt,https://www.acc.co.nz,20,www.acc.co.nz,13,0,nz,100,0.666666667,0.0019933,0.076658631,2,2,0,0,0,6,0.3,0,0,0,0,0,2,0.1,1,2541,445,1,accco,0,0,1,0,1,0,0,1,0,4,0,1,1,1,0,0,1,0,1,15,2,14,209,0,8,1
382828.txt,https://www.noticiasdealava.eus,30,www.noticiasdealava.eus,23,0,eus,100,1,0.0001069,0.06417545,3,1,0,0,0,17,0.567,0,0,0,0,0,1,0.033,1,15442,15789,1,noticiasdealava,100,100,0,0,1,0,0,0,0,2,0,1,0,0,0,1,1,0,1,438,6,13,719,0,375,1
244849.txt,https://www.enerjoy.life,23,www.enerjoy.life,16,0,life,100,1,0.0002548,0.054130147,4,1,0,0,0,10,0.435,0,0,0,0,0,1,0.043,1,849,1820,1,enerjoy,100,100,0,1,1,0,0,1,0,0,0,0,0,1,0,0,0,0,1,28,21,24,37,0,45,1
709017.txt,https://www.qatargenome.org.qa,29,www.qatargenome.org.qa,22,0,qa,100,0.8,0.0000608,0.060330773,2,2,0,0,0,15,0.517,0,0,0,0,0,2,0.069,1,2124,854,1,atargenomeorg,0,0,1,0,1,0,0,0,0,7,0,1,1,1,0,1,0,0,1,94,2,1,115,6,8,1
31713.txt,https://www.idigbio.org,22,www.idigbio.org,15,0,org,100,1,0.0799628,0.059766578,3,1,0,0,0,9,0.409,0,0,0,0,0,1,0.045,1,711,7533,1,idigbio,100,100,0,0,1,0,0,0,1,0,0,1,1,1,1,0,0,0,1,44,49,29,56,0,22,1
95918.txt,https://www.energy-community.org,31,www.energy-community.org,24,0,org,100,0.625,0.0799628,0.060297592,3,1,0,0,0,17,0.548,0,0,0,0,0,2,0.065,1,3776,1103,1,energy-community,100,100,1,1,1,0,0,1,0,0,0,1,1,1,0,0,0,0,1,45,1,20,171,75,11,1
870951.txt,https://www.tcdsu.org,20,www.tcdsu.org,13,0,org,100,1,0.0799628,0.058571081,3,1,0,0,0,7,0.35,0,0,0,0,0,1,0.05,1,1029,2517,1,tcdsu,100,100,1,0,1,0,0,0,0,0,0,1,0,1,0,1,0,0,1,18,5,15,91,4,29,1
805256.txt,https://www.biomagazin.de,24,www.biomagazin.de,17,0,de,100,1,0.0326503,0.054307626,2,1,0,0,0,11,0.458,0,0,0,0,0,1,0.042,1,2414,1592,1,biomagazin,100,100,1,1,1,0,0,1,0,0,0,1,1,0,0,0,0,0,1,50,3,3,172,19,34,1
7994845.txt,https://att-104569.weeblysite.com/,33,att-104569.weeblysite.com,25,0,com,66.69538462,0.80952381,0.5229071,0.044014391,3,1,0,0,0,16,0.485,6,0.182,0,0,0,3,0.091,1,13,101,1,att-104569weeblysite,0,0,0,0,0,1,0,0,0,0,0,0,0,0,0,0,0,0,0,0,0,0,0,0,1,0
696552.txt,https://www.interislander.co.nz,30,www.interislander.co.nz,23,0,nz,100,0.875,0.0019933,0.065186719,2,2,0,0,0,16,0.533,0,0,0,0,0,2,0.067,1,1832,480,1,iterisladerco,0,0,1,0,1,0,0,0,0,2,0,1,1,0,0,0,1,0,1,38,3,7,105,0,21,1
177967.txt,https://www.reflectionofsanity.com,33,www.reflectionofsanity.com,26,0,com,100,1,0.5229071,0.063444615,3,1,0,0,0,20,0.606,0,0,0,0,0,1,0.03,1,2614,7353,1,reflectionofsanity,100,100,1,0,0,0,0,0,7,3,0,0,1,1,0,0,0,0,1,33,7,18,119,1,138,1
126584.txt,https://www.fernandoalonso.com,29,www.fernandoalonso.com,22,0,com,100,1,0.5229071,0.069572626,3,1,0,0,0,16,0.552,0,0,0,0,0,1,0.034,1,638,2562,1,fernandoalonso,100,100,0,0,1,0,0,1,0,0,0,1,0,1,0,0,0,0,1,27,11,13,46,1,55,1
145712.txt,https://www.acsa-arch.org,24,www.acsa-arch.org,17,0,org,100,0.555555556,0.0799628,0.069624891,3,1,0,0,0,10,0.417,0,0,0,0,0,2,0.083,1,1863,9381,1,acsa-arch,100,100,0,1,1,0,0,1,0,5,0,1,1,1,0,0,0,0,1,72,34,53,161,0,198,1
717767.txt,https://www.southlandcasino.com,30,www.southlandcasino.com,23,0,com,100,1,0.5229071,0.064075127,3,1,0,0,0,17,0.567,0,0,0,0,0,1,0.033,1,1122,1903,1,southlandcasino,100,100,1,0,1,0,0,1,0,2,0,1,1,1,0,1,1,0,1,110,3,4,99,0,22,1
521042.txt,https://www.7marvels.co.uk,25,www.7marvels.co.uk,18,0,uk,100,0.818181818,0.028555,0.055642237,2,2,0,0,0,10,0.4,1,0.04,0,0,0,2,0.08,1,2319,9381,1,7marvelsco,0,0,1,1,1,0,0,1,0,1,1,1,1,1,1,0,1,0,1,49,8,47,149,2,144,1
88425.txt,https://www.secrethitler.com,27,www.secrethitler.com,20,0,com,100,1,0.5229071,0.066898846,3,1,0,0,0,14,0.519,0,0,0,0,0,1,0.037,1,10022,2121,1,secrethitler,100,100,1,0,1,0,0,1,0,1,0,0,0,0,0,1,0,0,1,3,1,4,1,0,0,1
8028520.txt,https://perte-dimension.web.app/,31,perte-dimension.web.app,23,0,app,60.36546944,0.526315789,0.001502,0.057849216,3,1,0,0,0,20,0.645,0,0,0,0,0,3,0.097,1,108,8125,1,perte-dimensionweb,0,0,0,0,1,0,0,0,0,0,0,0,0,0,0,0,0,0,0,0,0,0,0,0,3,0
781104.txt,https://www.groupfacilitation.net,32,www.groupfacilitation.net,25,0,net,100,1,0.0384199,0.060530096,3,1,0,0,0,19,0.594,0,0,0,0,0,1,0.031,1,244,1074,1,groupfacilitation,100,100,1,0,0,0,0,1,0,0,0,1,0,0,0,0,0,0,0,8,0,2,1,0,5,1
899970.txt,https://www.kiteman.co.uk,24,www.kiteman.co.uk,17,0,uk,100,0.8,0.028555,0.06317411,2,2,0,0,0,10,0.417,0,0,0,0,0,2,0.083,1,758,399,1,kitemanco,0,0,0,0,1,0,0,1,0,0,0,0,0,0,0,1,0,0,1,10,6,11,35,2,1,1
561670.txt,https://www.libertarian.ca,25,www.libertarian.ca,18,0,ca,100,1,0.0101825,0.062872535,2,1,0,0,0,12,0.48,0,0,0,0,0,1,0.04,1,6816,1557,1,libertarian,100,100,1,0,1,1,0,0,0,3,0,1,0,0,0,0,1,0,0,6,1,14,70,0,12,1
15288.txt,https://www.gumtree.com.au,25,www.gumtree.com.au,18,0,au,100,0.727272727,0.0100856,0.066957378,2,2,0,0,0,11,0.44,0,0,0,0,0,2,0.08,1,8394,39134,1,gumtreecom,0,0,1,1,0,1,0,1,0,3,0,1,1,1,0,1,1,0,1,34,1,23,761,15,26,1
mw17646.txt,http://www.gmarket.system-ns.org,31,www.gmarket.system-ns.org,25,0,org,51.63883735,0.470588235,0.0799628,0.058998283,3,2,0,0,0,17,0.548,0,0,0,0,0,3,0.097,0,3,40,0,0,0,0,0,0,0,0,0,0,0,0,0,0,0,0,0,0,0,0,0,0,0,0,0,0,0,0
105348.txt,https://www.ichijinsha.co.jp,27,www.ichijinsha.co.jp,20,0,jp,100,0.846153846,0.0230451,0.053199965,2,2,0,0,0,13,0.481,0,0,0,0,0,2,0.074,1,591,344,1,ichiinshaco,0,0,0,0,1,1,0,1,1,0,0,0,0,0,0,0,0,0,0,36,5,8,48,0,50,1
136022.txt,https://www.ags.school.nz,24,www.ags.school.nz,17,0,nz,100,0.7,0.0019933,0.06228813,2,2,0,0,0,10,0.417,0,0,0,0,0,2,0.083,1,895,16245,1,agsschool,0,0,1,1,1,0,0,0,0,1,1,1,1,1,0,0,1,0,0,15,14,38,161,0,176,1
243970.txt,https://www.mapsalud.com,23,www.mapsalud.com,16,0,com,100,1,0.5229071,0.058543573,3,1,0,0,0,10,0.435,0,0,0,0,0,1,0.043,1,776,474,1,mapsalud,100,100,1,0,0,0,0,1,0,3,0,1,1,0,0,1,0,0,1,2,5,10,2,1,14,1
753375.txt,https://www.rakennuslehti.fi,27,www.rakennuslehti.fi,20,0,fi,100,1,0.0027596,0.052936489,2,1,0,0,0,14,0.519,0,0,0,0,0,1,0.037,1,9234,2571,1,rakennuslehti,100,100,1,0,1,0,0,1,0,3,0,1,1,1,1,0,0,0,0,150,2,8,1016,6,1015,1
236422.txt,https://www.psd-dude.com,23,www.psd-dude.com,16,0,com,100,0.625,0.5229071,0.051959848,3,1,0,0,0,9,0.391,0,0,0,0,0,2,0.087,1,644,1463,1,psd-dude,100,100,1,1,0,0,0,1,1,0,0,1,1,1,0,0,0,0,1,11,4,8,94,0,44,1
504954.txt,https://www.ihub-tansa.jaxa.jp,29,www.ihub-tansa.jaxa.jp,22,0,jp,100,0.4,0.0230451,0.046509561,2,2,0,0,0,14,0.483,0,0,0,0,0,3,0.103,1,451,384,1,ihub-tansaaxa,0,0,1,0,1,0,0,1,0,0,0,0,0,0,0,0,0,0,1,20,1,4,39,0,30,1
571378.txt,https://www.shoppersshop.com,27,www.shoppersshop.com,20,0,com,100,1,0.5229071,0.058644706,3,1,0,0,0,14,0.519,0,0,0,0,0,1,0.037,1,210,541,1,shoppersshop,100,100,0,0,1,0,0,1,0,0,0,1,0,0,0,1,0,0,1,4,1,6,54,0,59,1
818187.txt,https://www.extensionmethod.net,30,www.extensionmethod.net,23,0,net,100,1,0.0384199,0.063767167,3,1,0,0,0,17,0.567,0,0,0,0,0,1,0.033,1,1216,854,1,extensionmethod,100,100,1,1,1,0,0,1,0,0,0,0,0,0,0,0,0,0,1,1,2,0,207,0,2,1
693425.txt,https://www.ireallytrade.com,27,www.ireallytrade.com,20,0,com,100,1,0.5229071,0.06352436,3,1,0,0,0,14,0.519,0,0,0,0,0,1,0.037,1,357,1586,1,ireallytrade,100,100,1,1,1,0,0,1,0,2,0,1,1,1,0,0,0,0,1,27,4,9,40,5,9,1
432785.txt,https://www.broesels-buecherregal.de,35,www.broesels-buecherregal.de,28,0,de,100,0.619047619,0.0326503,0.059401794,2,1,0,0,0,21,0.6,0,0,0,0,0,2,0.057,1,982,9381,1,broesels-buecherregal,100,100,1,1,1,0,0,1,0,1,0,0,1,1,0,0,0,0,1,16,3,5,77,9,79,1
822659.txt,https://www.ijesc.org,20,www.ijesc.org,13,0,org,100,1,0.0799628,0.06448957,3,1,0,0,0,7,0.35,0,0,0,0,0,1,0.05,1,582,700,1,ijesc,100,100,0,0,1,0,0,1,0,0,0,0,0,0,0,0,1,0,1,18,4,10,52,1,60,1
412992.txt,https://www.grundeinkommen.ch,28,www.grundeinkommen.ch,21,0,ch,100,1,0.0049832,0.05880511,2,1,0,0,0,15,0.536,0,0,0,0,0,1,0.036,1,1308,8047,1,grundeinkommen,100,100,0,1,1,0,0,0,0,1,0,1,0,0,0,0,0,0,0,25,17,27,123,0,142,1
8005878.txt,https://btopenworldwebmailing.square.site/,41,btopenworldwebmailing.square.site,33,0,site,50.86695835,0.785714286,0.0017656,0.055099153,4,1,0,0,0,31,0.756,0,0,0,0,0,2,0.049,1,68,80,1,btopenworldwebmailingsquare,0,0,0,0,0,0,0,0,0,0,0,0,0,0,0,0,0,0,0,0,0,0,0,0,1,0
8021157.txt,https://visualize-detalhes-online.com/luiza/?userid=13&amp;uri=xudbvbjytdk,73,visualize-detalhes-online.com,29,0,com,26.19272782,0.4,0.5229071,0.048629017,3,0,0,0,0,53,0.726,2,0.027,2,1,0,7,0.137,1,90,394,1,visualize-detalhes-onlineluiza?userid=13&amp;uri=xudbvbjytd,0,98.33333333,0,1,1,0,0,0,0,0,0,0,1,1,0,0,0,0,0,0,2,0,2,0,2,0
597138.txt,https://www.rusticity.com,24,www.rusticity.com,17,0,com,100,1,0.5229071,0.058895576,3,1,0,0,0,11,0.458,0,0,0,0,0,1,0.042,1,3026,2675,1,rusticity,100,100,1,0,1,1,0,1,0,22,0,1,1,0,1,1,1,0,1,35,22,37,234,19,18,1
587304.txt,https://www.esurranty.com,24,www.esurranty.com,17,0,com,100,1,0.5229071,0.062196074,3,1,0,0,0,11,0.458,0,0,0,0,0,1,0.042,1,2351,19511,1,esurranty,100,100,0,0,1,1,0,1,0,0,0,1,1,1,0,0,1,0,1,13,17,13,92,18,91,1
587827.txt,https://www.hallekis.com,23,www.hallekis.com,16,0,com,100,1,0.5229071,0.059072935,3,1,0,0,0,10,0.435,0,0,0,0,0,1,0.043,1,1081,654,1,hallekis,100,100,0,0,0,0,0,1,0,0,0,1,0,0,0,1,0,0,1,218,2,5,0,0,28,1
mw65631.txt,http://www.fgurb.cannca.shop,27,www.fgurb.cannca.shop,21,0,shop,57.90080738,0.583333333,0.0004041,0.05467462,4,2,0,0,0,14,0.519,0,0,0,0,0,2,0.074,0,8,41,1,fgurbcannca,0,0,0,0,0,0,0,0,0,0,0,0,0,0,0,0,0,0,0,0,0,0,0,0,0,0
433055.txt,https://www.observatoryoc.com,28,www.observatoryoc.com,21,0,com,100,1,0.5229071,0.06722817,3,1,0,0,0,15,0.536,0,0,0,0,0,1,0.036,1,1867,1159,1,observatoryoc,100,100,0,0,1,0,0,0,0,6,0,1,1,1,0,0,1,0,1,16,13,45,47,0,22,1
554317.txt,https://www.creamwine.com,24,www.creamwine.com,17,0,com,100,1,0.5229071,0.069472147,3,1,0,0,0,11,0.458,0,0,0,0,0,1,0.042,1,248,456,1,creamwine,100,100,0,0,0,0,0,1,0,0,0,1,0,0,0,0,0,0,1,9,5,10,20,0,13,1
126893.txt,https://www.slow-journalism.com,30,www.slow-journalism.com,23,0,com,100,0.733333333,0.5229071,0.059473879,3,1,0,0,0,16,0.533,0,0,0,0,0,2,0.067,1,593,8047,1,slow-journalism,100,100,1,1,1,0,0,1,0,2,0,1,0,0,0,1,1,0,1,28,2,9,59,0,76,1
403739.txt,https://www.narcissisticabuserehab.com,37,www.narcissisticabuserehab.com,30,0,com,100,1,0.5229071,0.062288879,3,1,0,0,0,24,0.649,0,0,0,0,0,1,0.027,1,1397,9381,1,narcissisticabuserehab,100,100,0,1,1,0,0,0,0,0,0,1,1,1,0,0,0,0,1,32,9,25,121,1,138,1
125033.txt,https://www.mercatus.com,23,www.mercatus.com,16,0,com,100,1,0.5229071,0.068545766,3,1,0,0,0,10,0.435,0,0,0,0,0,1,0.043,1,768,9381,1,mercatus,100,100,1,1,1,0,0,1,0,9,0,1,0,1,0,0,0,0,1,14,5,17,72,0,75,1
630880.txt,https://www.dellsramada.com,26,www.dellsramada.com,19,0,com,100,1,0.5229071,0.064215317,3,1,0,0,0,13,0.5,0,0,0,0,0,1,0.038,1,1563,9381,1,dellsramada,100,100,1,1,1,0,0,1,0,0,0,1,1,1,1,0,0,0,1,18,9,14,44,12,48,1
45996.txt,https://www.zadar.hr,19,www.zadar.hr,12,0,hr,100,1,0.0005731,0.047339767,2,1,0,0,0,6,0.316,0,0,0,0,0,1,0.053,1,2435,15877,1,zadar,100,100,1,0,1,0,0,1,0,3,0,1,1,0,0,0,0,0,1,89,3,7,185,5,26,1
815789.txt,https://www.discovershelby.com,29,www.discovershelby.com,22,0,com,100,1,0.5229071,0.056891785,3,1,0,0,0,16,0.552,0,0,0,0,0,1,0.034,1,1992,1378,1,disvershelby,0,0,1,0,1,0,0,1,1,2,0,1,0,1,0,0,1,0,1,0,31,15,62,0,7,1
798744.txt,https://www.enowsoftware.com,27,www.enowsoftware.com,20,0,com,100,1,0.5229071,0.064817902,3,1,0,0,0,14,0.519,0,0,0,0,0,1,0.037,1,3651,2109,1,enowsoftware,100,100,0,0,1,0,0,1,0,1,0,1,1,1,1,0,0,0,1,12,4,14,54,0,61,1
254251.txt,https://www.securitywatchplatform.com,36,www.securitywatchplatform.com,29,0,com,100,1,0.5229071,0.0568937,3,1,0,0,0,23,0.639,0,0,0,0,0,1,0.028,1,1304,8047,1,securitywatchplatform,100,100,0,1,0,0,0,1,0,0,0,1,1,0,0,0,1,0,1,31,22,29,50,3,63,1
mw65458.txt,http://www.bsd.fbcode.co,23,www.bsd.fbcode.co,17,0,co,60.693153,0.7,0.0059772,0.051384722,2,2,0,0,0,10,0.435,0,0,0,0,0,2,0.087,0,8,41,1,bsdfbode,0,0,0,0,0,0,0,0,0,0,0,0,0,0,0,0,0,0,0,0,0,0,0,0,0,0
778213.txt,https://www.muas.cz,18,www.muas.cz,11,0,cz,100,1,0.0036307,0.060709258,2,1,0,0,0,5,0.278,0,0,0,0,0,1,0.056,1,783,2303,1,muas,100,100,1,0,1,0,0,0,0,2,0,1,1,1,0,0,0,0,0,2,3,10,33,0,27,1
14836.txt,https://www.pidgin.im,20,www.pidgin.im,13,0,im,100,1,0.0001564,0.047251445,2,1,0,0,0,7,0.35,0,0,0,0,0,1,0.05,1,826,272,1,pdgn,0,0,1,0,1,0,0,1,0,0,0,0,0,0,0,0,0,0,1,19,12,15,112,1,16,1
94098.txt,https://www.elron.ee,19,www.elron.ee,12,0,ee,100,1,0.0005336,0.0740037,2,1,0,0,0,6,0.316,0,0,0,0,0,1,0.053,1,931,2155,1,lron,80,80,1,0,1,0,0,0,0,1,0,1,1,1,0,0,0,0,0,4,2,6,49,0,6,1
476358.txt,https://www.bischberg.de,23,www.bischberg.de,16,0,de,100,1,0.0326503,0.047119913,2,1,0,0,0,10,0.435,0,0,0,0,0,1,0.043,1,449,5719,1,bischberg,100,100,0,0,1,0,0,1,0,0,0,1,1,0,0,0,0,0,0,14,13,6,45,0,26,1
mw75720.txt,http://www.stmfl.com,19,www.stmfl.com,13,0,com,75,1,0.5229071,0.057890536,3,1,0,0,0,7,0.368,0,0,0,0,0,1,0.053,0,2,28,0,0,0,0,0,0,0,0,0,0,0,0,0,0,0,0,0,0,0,0,0,0,0,0,0,0,0,0
mw193.txt,http://www.walemi.com,20,www.walemi.com,14,0,com,89.81818182,1,0.5229071,0.0656283,3,1,0,0,0,8,0.4,0,0,0,0,0,1,0.05,0,15,155,1,walemi,100,100,0,0,1,0,0,0,0,0,0,0,0,0,0,0,0,0,0,0,0,0,0,0,0,0
mw5jan1155.txt,http://www.anilreddydev.github.io,32,www.anilreddydev.github.io,26,0,io,61.28633271,0.684210526,0.0129268,0.046827835,2,2,0,0,0,19,0.594,0,0,0,0,0,2,0.062,0,81,3909,1,anlreddydevgthub,0,0,0,0,0,0,0,0,0,0,0,0,0,0,0,0,0,0,0,0,0,0,2,0,3,0
238854.txt,https://www.squirrelsave.com.sg,30,www.squirrelsave.com.sg,23,0,sg,100,0.8125,0.0008953,0.058689665,2,2,0,0,0,16,0.533,0,0,0,0,0,2,0.067,1,473,418,1,quirrelavecom,0,0,1,1,1,1,1,1,0,1,0,1,0,0,0,0,1,0,0,17,3,9,1,1,22,1
730013.txt,https://www.ajman.travel,23,www.ajman.travel,16,0,travel,100,1,0.0001144,0.058715776,6,1,0,0,0,10,0.435,0,0,0,0,0,1,0.043,1,1879,1012,1,ajman,100,100,0,0,1,0,0,1,0,0,0,1,1,0,0,0,0,1,1,52,28,24,38,8,140,1
mw52291.txt,http://www.madpath.com,21,www.madpath.com,15,0,com,82.6446281,1,0.5229071,0.059329954,3,1,0,0,0,9,0.429,0,0,0,0,0,1,0.048,0,2,30,0,0,0,0,0,0,0,0,0,0,0,0,0,0,0,0,0,0,0,0,0,0,0,0,0,0,0,0
474906.txt,https://www.ccm.or.tz,20,www.ccm.or.tz,13,0,tz,100,0.666666667,0.0000747,0.071152365,2,2,0,0,0,6,0.3,0,0,0,0,0,2,0.1,1,2374,379,1,ccmor,0,0,0,0,1,0,0,0,0,2,0,1,1,0,0,0,1,0,1,36,9,10,58,24,87,1
487016.txt,https://www.dadivosa.com.br,26,www.dadivosa.com.br,19,0,br,100,0.75,0.0094423,0.059605575,2,2,0,0,0,12,0.462,0,0,0,0,0,2,0.077,1,958,1820,1,dadivosacom,0,0,1,1,1,0,0,1,0,0,0,0,1,1,0,0,0,0,0,20,10,15,157,0,163,1
415440.txt,https://www.dreamlikediana.com,29,www.dreamlikediana.com,22,0,com,100,1,0.5229071,0.064122017,3,1,0,0,0,16,0.552,0,0,0,0,0,1,0.034,1,3426,4166,1,dreamlikediana,100,100,1,0,0,0,0,0,0,3,0,1,1,0,0,0,0,0,1,8,8,12,84,0,110,1
111585.txt,https://www.1stsource.com,24,www.1stsource.com,17,0,com,100,1,0.5229071,0.063861477,3,1,0,0,0,10,0.417,1,0.042,0,0,0,1,0.042,1,947,9381,1,1stsource,100,100,1,1,1,0,0,1,0,2,0,1,1,0,0,1,0,0,1,29,4,13,113,0,120,1
mw31j0455.txt,http://www.hoststudio.org,24,www.hoststudio.org,18,0,org,76.58495351,1,0.0799628,0.061643753,3,1,0,0,0,12,0.5,0,0,0,0,0,1,0.042,0,2,35,0,0,0,0,0,0,0,0,0,0,0,0,0,0,0,0,0,0,0,0,0,0,0,0,0,0,0,0
8007743.txt,https://am2fcu.firebaseapp.com/,30,am2fcu.firebaseapp.com,22,0,com,68.49401386,0.722222222,0.5229071,0.055616972,3,1,0,0,0,19,0.633,1,0.033,0,0,0,2,0.067,1,108,8125,1,am2fcufirebaseapp,0,0,0,0,1,0,0,0,0,0,0,0,0,0,0,0,0,0,0,0,0,0,0,0,3,0
mw29582.txt,http://www.f0534243.xsph.ru,26,www.f0534243.xsph.ru,20,0,ru,61.58088235,0.923076923,0.0180132,0.014898863,2,2,0,0,0,6,0.231,7,0.269,0,0,0,2,0.077,0,9,44,1,f0534243xsph,0,0,0,0,0,0,0,0,0,0,0,0,0,0,0,0,0,0,0,0,0,0,0,0,0,0
7997471.txt,https://www.claimbestdeal.com/disdis/ms-otlook/,46,www.claimbestdeal.com,21,0,com,36.37172516,1,0.5229071,0.062091126,3,1,0,0,0,30,0.652,0,0,0,0,0,4,0.087,1,11,85,1,claimbestdealdisdisms-otlook,0,100,0,0,0,0,0,0,0,0,0,0,0,0,0,0,0,0,0,0,0,0,0,0,0,0
8029719.txt,https://ebnkng-ch2.wrkbenchh.com/aktualisieren/,46,ebnkng-ch2.wrkbenchh.com,24,0,com,26.64962,0.55,0.5229071,0.052251642,3,1,0,0,0,33,0.717,1,0.022,0,0,0,4,0.087,1,16,286,1,ebnkng-ch2wrkbenchhaktualisieren,0,0,0,0,1,0,0,0,0,0,0,0,0,0,0,0,0,0,0,0,0,0,0,0,1,0
mw76495.txt,http://www.ideardonot.top,24,www.ideardonot.top,18,0,top,65.71428571,1,0.0002752,0.069298044,3,1,0,0,0,12,0.5,0,0,0,0,0,1,0.042,0,11,77,1,ideardonot,100,100,0,0,0,0,0,0,0,0,0,0,0,0,0,0,0,0,0,0,0,0,1,0,1,0
64276.txt,https://www.mtwilson.edu,23,www.mtwilson.edu,16,0,edu,100,1,0.0115013,0.05690761,3,1,0,0,0,10,0.435,0,0,0,0,0,1,0.043,1,1496,9381,1,mtwilson,100,100,1,1,1,0,0,1,0,0,0,1,1,1,0,0,0,0,1,14,45,129,170,3,189,1
7939112.txt,https://www.ethmining.info/#/,28,www.ethmining.info,18,0,info,62.22426471,1,0.0075051,0.056831172,4,1,0,0,0,13,0.464,0,0,0,0,0,3,0.107,1,37,439,1,ethmining#,0,100,1,0,1,0,0,0,0,0,0,0,0,0,0,0,0,0,0,0,1,2,0,0,2,0
144069.txt,https://www.selectiveasia.com,28,www.selectiveasia.com,21,0,com,100,1,0.5229071,0.068422801,3,1,0,0,0,15,0.536,0,0,0,0,0,1,0.036,1,864,16922,1,selectiveasia,100,100,1,0,1,0,0,1,0,3,0,1,1,1,0,0,0,0,1,73,2,5,175,0,16,1
391709.txt,https://www.theadanews.com,25,www.theadanews.com,18,0,com,100,1,0.5229071,0.062537069,3,1,0,0,0,12,0.48,0,0,0,0,0,1,0.04,1,5966,24796,1,theadanews,100,100,0,0,1,0,0,1,0,3,0,0,1,1,0,0,1,0,1,85,12,67,254,4,59,1
mw10390.txt,http://www.web2.hashgains.com,28,www.web2.hashgains.com,22,0,com,62.11825861,0.785714286,0.5229071,0.051440266,3,2,0,0,0,14,0.5,1,0.036,0,0,0,2,0.071,0,11,82,1,web2hashgains,0,0,0,0,0,0,0,0,0,0,0,0,0,0,0,0,0,0,0,0,0,0,1,0,1,0
119263.txt,https://www.mayfield.com,23,www.mayfield.com,16,0,com,100,1,0.5229071,0.057261613,3,1,0,0,0,10,0.435,0,0,0,0,0,1,0.043,1,789,9381,1,mayfield,100,100,1,1,1,0,0,1,0,2,0,1,1,1,0,0,0,0,1,40,16,29,127,0,148,1
137433.txt,https://www.imidaily.com,23,www.imidaily.com,16,0,com,100,1,0.5229071,0.059487012,3,1,0,0,0,10,0.435,0,0,0,0,0,1,0.043,1,2588,10913,1,imidaily,100,100,0,1,1,0,0,1,2,2,0,1,1,1,0,1,1,1,1,76,33,34,196,2,221,1
629723.txt,https://www.beppedepalma.com,27,www.beppedepalma.com,20,0,com,100,1,0.5229071,0.059950513,3,1,0,0,0,14,0.519,0,0,0,0,0,1,0.037,1,311,650,1,beppedepalma,100,100,1,1,1,0,0,1,0,0,0,1,0,0,0,0,0,0,1,11,5,9,1,0,16,1
oph07493.txt,https://onlinequranteaching.com/public/nzvjez64c8hpxfn8g6hdvff8yzdyhhfo,71,onlinequranteaching.com,23,0,com,32.404258,1,0.5229071,0.039012457,3,0,0,0,0,54,0.761,6,0.085,0,0,0,3,0.042,1,13,115,1,onlinequranteachingpublicnzvjez64c8hpxfn8g6hdvff8yzdyhhfo,0,100,0,0,0,1,1,0,0,0,0,0,0,0,0,0,0,0,0,0,0,0,1,0,1,0
70288.txt,https://www.christianheadlines.com,33,www.christianheadlines.com,26,0,com,100,1,0.5229071,0.062210873,3,1,0,0,0,20,0.606,0,0,0,0,0,1,0.03,1,1647,473,1,christianheadlines,100,100,1,1,1,0,0,1,0,2,1,1,1,0,0,0,0,0,1,24,0,11,243,1,227,1
775704.txt,https://www.concretonline.com,28,www.concretonline.com,21,0,com,100,1,0.5229071,0.073382953,3,1,0,0,0,15,0.536,0,0,0,0,0,1,0.036,1,3999,3184,1,ncretonline,84.61538462,84.61538462,1,0,1,1,0,1,0,0,0,1,1,1,0,0,0,0,1,122,10,15,214,4,42,1
mw48006.txt,http://www.mail-nepalarmy-mil-np-login-download.netlify.app,58,www.mail-nepalarmy-mil-np-login-download.netlify.app,52,0,app,21.6500679,0.227272727,0.001502,0.055264723,3,2,0,0,0,40,0.69,0,0,0,0,0,7,0.121,0,2,67,0,0,0,0,0,0,0,0,0,0,0,0,0,0,0,0,0,0,0,0,0,0,0,0,0,0,0,0
mw30107.txt,http://www.hfdkegjsd.ru.xsph.ru,30,www.hfdkegjsd.ru.xsph.ru,24,0,ru,34.64285714,0.588235294,0.0180132,0.034881807,2,3,0,0,0,16,0.533,0,0,0,0,0,3,0.1,0,9,44,1,hfdkegjsduxsph,0,0,0,0,0,0,0,0,0,0,0,0,0,0,0,0,0,0,0,0,0,0,0,0,0,0
22939.txt,https://www.areadevelopment.com,30,www.areadevelopment.com,23,0,com,100,1,0.5229071,0.067303897,3,1,0,0,0,17,0.567,0,0,0,0,0,1,0.033,1,3082,922,1,areadevelopment,100,100,1,1,0,0,0,1,0,0,0,1,1,1,0,0,0,0,1,87,1,4,324,5,359,1
764338.txt,https://www.childbrides.org,26,www.childbrides.org,19,0,org,100,1,0.0799628,0.055456421,3,1,0,0,0,13,0.5,0,0,0,0,0,1,0.038,1,1100,1902,1,childbrides,100,100,0,1,1,0,0,0,0,0,0,0,1,0,0,0,1,0,1,4,6,7,35,0,43,1
415053.txt,https://www.pureecoinc.com,25,www.pureecoinc.com,18,0,com,100,1,0.5229071,0.070175546,3,1,0,0,0,12,0.48,0,0,0,0,0,1,0.04,1,2115,12622,1,pureeinc,0,0,0,1,1,0,0,1,0,13,0,1,1,1,0,1,1,0,1,52,41,44,153,9,157,1
55181.txt,https://www.siia.net,19,www.siia.net,12,0,net,100,1,0.0384199,0.068467197,3,1,0,0,0,6,0.316,0,0,0,0,0,1,0.053,1,2132,7704,1,siia,100,100,0,1,1,1,0,1,0,0,0,1,1,1,0,0,0,0,1,14,26,41,109,4,127,1
627510.txt,https://www.feelmagazine.nl,26,www.feelmagazine.nl,19,0,nl,100,1,0.0082003,0.058662028,2,1,0,0,0,13,0.5,0,0,0,0,0,1,0.038,1,1012,9727,1,feelmagazie,0,0,0,1,1,0,0,0,0,0,0,1,1,0,0,0,1,0,1,38,12,19,183,6,187,1
mw58443.txt,http://www.googleimg.top,23,www.googleimg.top,17,0,top,71.42857143,1,0.0002752,0.064034442,3,1,0,0,0,11,0.478,0,0,0,0,0,1,0.043,0,41,112,1,googleimg,100,100,0,0,0,0,0,0,0,0,0,0,0,0,0,0,0,0,0,0,0,0,0,0,0,0
590236.txt,https://www.cerise.tokyo,23,www.cerise.tokyo,16,0,tokyo,100,1,0.0002081,0.061989405,5,1,0,0,0,10,0.435,0,0,0,0,0,1,0.043,1,437,1746,1,cerise,100,100,1,0,1,0,0,0,0,1,0,1,0,0,0,0,0,0,1,10,6,17,28,0,42,1
8024520.txt,http://ianacurtis.rmxcontabilidade.com.br,40,ianacurtis.rmxcontabilidade.com.br,34,0,br,43.1735047,0.548387097,0.0094423,0.060160094,2,2,0,0,0,30,0.75,0,0,0,0,0,3,0.075,0,31,146,0,0,0,0,0,0,0,1,0,0,0,0,0,0,0,0,0,0,0,0,0,0,0,0,0,0,2,0
28222.txt,https://www.foodnavigator.com,28,www.foodnavigator.com,21,0,com,100,1,0.5229071,0.064499111,3,1,0,0,0,15,0.536,0,0,0,0,0,1,0.036,1,2722,1165,1,foodnavigator,100,100,1,1,1,0,0,1,0,2,0,1,1,1,0,0,0,0,1,53,10,11,276,17,39,1
8075407.txt,https://s.amazenru-jp.com,25,s.amazenru-jp.com,17,0,com,58.74663591,0.692307692,0.5229071,0.056710387,3,1,0,0,0,14,0.56,0,0,0,0,0,3,0.12,1,13,73,1,samazenru-jp,0,0,0,0,0,1,0,0,0,0,0,0,0,0,0,0,0,0,0,0,0,0,0,0,1,0
83129.txt,https://www.mamiworks.com,24,www.mamiworks.com,17,0,com,100,1,0.5229071,0.062764568,3,1,0,0,0,11,0.458,0,0,0,0,0,1,0.042,1,1102,9381,1,mamiworks,100,100,0,1,1,0,0,0,0,3,0,1,1,1,0,0,0,0,1,35,20,27,59,2,80,1
mw52215.txt,http://www.wifizone.org,22,www.wifizone.org,16,0,org,84.95350803,1,0.0799628,0.057108961,3,1,0,0,0,10,0.455,0,0,0,0,0,1,0.045,0,88,239,1,wifizone,100,100,0,0,0,0,0,1,0,0,0,0,0,0,0,0,0,0,0,1,1,2,0,0,5,0
629369.txt,https://www.arthurveterinaryclinic.com,37,www.arthurveterinaryclinic.com,30,0,com,100,1,0.5229071,0.060397834,3,1,0,0,0,24,0.649,0,0,0,0,0,1,0.027,1,1585,1350,1,arthurveterinaryclinic,100,100,0,0,1,0,0,1,0,3,0,1,0,1,0,0,1,0,0,26,8,10,47,0,10,1
35505.txt,https://www.thecomfortcompany.com,32,www.thecomfortcompany.com,25,0,com,100,1,0.5229071,0.06470658,3,1,0,0,0,19,0.594,0,0,0,0,0,1,0.031,1,4931,3968,1,themfortmpany,0,0,1,0,1,1,0,1,0,20,0,1,1,1,1,1,1,0,1,77,4,51,103,13,24,1
8005191.txt,https://rfde-107a7.web.app/,26,rfde-107a7.web.app,18,0,app,48.92787524,0.571428571,0.001502,0.035864901,3,1,0,0,0,11,0.423,4,0.154,0,0,0,3,0.115,1,108,8125,1,rfde-107a7web,0,0,0,0,1,0,0,0,0,0,0,0,0,0,0,0,0,0,0,0,0,0,0,0,3,0
50519.txt,https://www.stir.ac.uk,21,www.stir.ac.uk,14,0,uk,100,0.714285714,0.028555,0.060322865,2,2,0,0,0,7,0.333,0,0,0,0,0,2,0.095,1,642,715,1,stirac,0,0,1,0,1,0,0,1,0,0,0,1,1,1,0,0,0,0,1,7,2,7,55,3,14,1